{"level":"info","message":"Telegram alerts enabled","service":"binance-trader","timestamp":"2026-03-09 00:59:06 UTC"}
{"balance":"60.00","from":"INIT","level":"info","message":"🎯 Tier transition","monthlyTarget":"$30.00","runway":"2.0 months","service":"binance-trader","status":"CRITICAL","timestamp":"2026-03-09 00:59:06 UTC","to":"SURVIVAL"}
{"balance":"60.00","drawdown":"0.00%","level":"warn","message":"⚠️ EMERGENCY MODE ACTIVATED","reason":"Low capital","service":"binance-trader","timestamp":"2026-03-09 00:59:06 UTC"}
{"emaFast":9,"emaSlow":21,"emaTrend":50,"level":"info","message":"EMA Crossover Strategy initialized","service":"binance-trader","timestamp":"2026-03-09 00:59:06 UTC"}
{"level":"info","message":"RSI Strategy initialized","overboughtLevel":70,"oversoldLevel":30,"rsiPeriod":14,"service":"binance-trader","timestamp":"2026-03-09 00:59:06 UTC"}
{"level":"info","maxPositions":2,"message":"🔥 SURVIVAL MODE Signal Aggregator initialized","minConfidence":0.75,"minConfluence":2.5,"requiredAgreement":1,"service":"binance-trader","strategiesCount":2,"timestamp":"2026-03-09 00:59:06 UTC"}
{"apiPlan":"developer","checkInterval":"900s","enabled":true,"hasCryptoPanicKey":true,"level":"info","message":"News Checker initialized","service":"binance-trader","timestamp":"2026-03-09 00:59:06 UTC"}
{"level":"info","maxPositions":2,"message":"🔥 SURVIVAL MODE Auto Trader initialized","minConfidence":"75%","newsCheckEnabled":true,"paperTrading":false,"riskPerTrade":"1.5%","scanInterval":"180s","service":"binance-trader","symbols":["BTCUSDT","ETHUSDT","SOLUSDT"],"targetMonthly":"50%","tier":"SURVIVAL","timestamp":"2026-03-09 00:59:06 UTC","tradingEnabled":false}
{"level":"info","message":"🚀 Starting Binance Futures Trading Bot","service":"binance-trader","timestamp":"2026-03-09 00:59:06 UTC"}
{"env":"production","level":"info","leverage":5,"message":"Configuration","paperTrading":false,"service":"binance-trader","testnet":true,"timestamp":"2026-03-09 00:59:06 UTC","tradingEnabled":false}
{"level":"info","message":"Redis connected","service":"binance-trader","timestamp":"2026-03-09 00:59:06 UTC"}
{"level":"info","message":"Database connected successfully","service":"binance-trader","timestamp":"2026-03-08T17:59:06.276Z"}
{"level":"info","message":"✅ Database connected","service":"binance-trader","timestamp":"2026-03-09 00:59:06 UTC"}
{"level":"info","message":"Redis connection test","result":"PONG","service":"binance-trader","timestamp":"2026-03-09 00:59:06 UTC"}
{"level":"info","message":"✅ Redis connected","service":"binance-trader","timestamp":"2026-03-09 00:59:06 UTC"}
{"level":"info","message":"Binance API connection test (public) successful","service":"binance-trader","timestamp":"2026-03-09 00:59:06 UTC"}
{"availableBalance":"5000.00000000","canDeposit":true,"canTrade":true,"canWithdraw":true,"level":"info","message":"Binance API connection test (authenticated) successful","service":"binance-trader","timestamp":"2026-03-09 00:59:06 UTC","totalWalletBalance":"5000.00000000"}
{"balance":5000,"canTrade":true,"level":"info","message":"✅ Binance API connected (authenticated)","service":"binance-trader","testnet":true,"timestamp":"2026-03-09 00:59:06 UTC"}
{"availableBalance":5000,"level":"info","message":"Account Info","openPositions":0,"service":"binance-trader","timestamp":"2026-03-09 00:59:06 UTC","totalBalance":5000,"unrealizedPnL":0}
{"level":"info","message":"Telegram connection test successful","service":"binance-trader","timestamp":"2026-03-09 00:59:07 UTC"}
{"level":"info","message":"✅ Telegram connected","service":"binance-trader","timestamp":"2026-03-09 00:59:07 UTC"}
{"balance":5000,"level":"info","message":"Account balance","service":"binance-trader","timestamp":"2026-03-09 00:59:07 UTC"}
{"level":"info","listenKey":"qgI4Abh0yXvFBQnjy7hZbSzeddWaURMVlwDxmn32XBKeqHgXklY8nMSt0ib0Vdvs","message":"User data stream created","service":"binance-trader","timestamp":"2026-03-09 00:59:08 UTC"}
{"level":"info","message":"Connecting to user data stream","service":"binance-trader","timestamp":"2026-03-09 00:59:08 UTC"}
{"level":"info","message":"User data stream connected","service":"binance-trader","timestamp":"2026-03-09 00:59:08 UTC"}
{"level":"info","message":"✅ Trading bot started successfully","service":"binance-trader","timestamp":"2026-03-09 00:59:08 UTC"}
{"level":"info","message":"User data stream connected","service":"binance-trader","timestamp":"2026-03-09 00:59:08 UTC"}
{"level":"info","message":"Starting symbol scanner (interval: 5 minutes)","service":"binance-trader","timestamp":"2026-03-09 00:59:08 UTC"}
{"level":"info","message":"Starting symbol scan...","service":"binance-trader","timestamp":"2026-03-09 00:59:08 UTC"}
{"level":"info","message":"Symbol scanner started","service":"binance-trader","timestamp":"2026-03-09 00:59:08 UTC"}
{"level":"info","message":"✅ Symbol scanner started (interval: 5 minutes)","service":"binance-trader","timestamp":"2026-03-09 00:59:08 UTC"}
{"level":"info","message":"Auto-trading ready (call startAutoTrader() to begin)","service":"binance-trader","timestamp":"2026-03-09 00:59:08 UTC"}
{"level":"info","message":"Bot is running. Press Ctrl+C to stop.","service":"binance-trader","timestamp":"2026-03-09 00:59:08 UTC"}
{"level":"info","message":"Found 533 USDT perpetual futures symbols","service":"binance-trader","timestamp":"2026-03-09 00:59:08 UTC"}
{"level":"info","message":"Scan progress: 50/533","service":"binance-trader","timestamp":"2026-03-09 00:59:08 UTC"}
{"level":"info","message":"Scan progress: 100/533","service":"binance-trader","timestamp":"2026-03-09 00:59:09 UTC"}
{"level":"info","message":"Scan progress: 150/533","service":"binance-trader","timestamp":"2026-03-09 00:59:09 UTC"}
{"level":"info","message":"Scan progress: 200/533","service":"binance-trader","timestamp":"2026-03-09 00:59:09 UTC"}
{"level":"info","message":"Scan progress: 250/533","service":"binance-trader","timestamp":"2026-03-09 00:59:10 UTC"}
{"level":"info","message":"Scan progress: 300/533","service":"binance-trader","timestamp":"2026-03-09 00:59:10 UTC"}
{"level":"info","message":"Scan progress: 350/533","service":"binance-trader","timestamp":"2026-03-09 00:59:10 UTC"}
{"level":"info","message":"Scan progress: 400/533","service":"binance-trader","timestamp":"2026-03-09 00:59:11 UTC"}
{"level":"info","message":"Scan progress: 450/533","service":"binance-trader","timestamp":"2026-03-09 00:59:11 UTC"}
{"level":"info","message":"Scan progress: 500/533","service":"binance-trader","timestamp":"2026-03-09 00:59:12 UTC"}
{"level":"info","message":"Scan progress: 533/533","service":"binance-trader","timestamp":"2026-03-09 00:59:12 UTC"}
{"level":"info","message":"Symbol scan completed in 3.95s","service":"binance-trader","timestamp":"2026-03-09 00:59:12 UTC","topScore":100,"totalSymbols":533}
{"count":533,"level":"info","message":"Scan results saved to Redis","service":"binance-trader","timestamp":"2026-03-09 00:59:12 UTC"}
{"level":"info","message":"Top opportunities sent to Telegram","service":"binance-trader","timestamp":"2026-03-09 00:59:12 UTC"}
{"level":"info","message":"Received SIGTERM, shutting down...","service":"binance-trader","timestamp":"2026-03-09 01:00:10 UTC"}
{"level":"info","message":"Telegram alerts enabled","service":"binance-trader","timestamp":"2026-03-09 01:00:30 UTC"}
{"balance":"60.00","from":"INIT","level":"info","message":"🎯 Tier transition","monthlyTarget":"$30.00","runway":"2.0 months","service":"binance-trader","status":"CRITICAL","timestamp":"2026-03-09 01:00:30 UTC","to":"SURVIVAL"}
{"balance":"60.00","drawdown":"0.00%","level":"warn","message":"⚠️ EMERGENCY MODE ACTIVATED","reason":"Low capital","service":"binance-trader","timestamp":"2026-03-09 01:00:30 UTC"}
{"emaFast":9,"emaSlow":21,"emaTrend":50,"level":"info","message":"EMA Crossover Strategy initialized","service":"binance-trader","timestamp":"2026-03-09 01:00:30 UTC"}
{"level":"info","message":"RSI Strategy initialized","overboughtLevel":70,"oversoldLevel":30,"rsiPeriod":14,"service":"binance-trader","timestamp":"2026-03-09 01:00:30 UTC"}
{"level":"info","maxPositions":2,"message":"🔥 SURVIVAL MODE Signal Aggregator initialized","minConfidence":0.75,"minConfluence":2.5,"requiredAgreement":1,"service":"binance-trader","strategiesCount":2,"timestamp":"2026-03-09 01:00:30 UTC"}
{"apiPlan":"developer","checkInterval":"900s","enabled":true,"hasCryptoPanicKey":true,"level":"info","message":"News Checker initialized","service":"binance-trader","timestamp":"2026-03-09 01:00:30 UTC"}
{"level":"info","maxPositions":2,"message":"🔥 SURVIVAL MODE Auto Trader initialized","minConfidence":"75%","newsCheckEnabled":true,"paperTrading":false,"riskPerTrade":"1.5%","scanInterval":"180s","service":"binance-trader","symbols":["BTCUSDT","ETHUSDT","SOLUSDT"],"targetMonthly":"50%","tier":"SURVIVAL","timestamp":"2026-03-09 01:00:30 UTC","tradingEnabled":false}
{"level":"info","message":"🚀 Starting Binance Futures Trading Bot","service":"binance-trader","timestamp":"2026-03-09 01:00:30 UTC"}
{"env":"production","level":"info","leverage":5,"message":"Configuration","paperTrading":false,"service":"binance-trader","testnet":true,"timestamp":"2026-03-09 01:00:30 UTC","tradingEnabled":false}
{"level":"info","message":"Redis connected","service":"binance-trader","timestamp":"2026-03-09 01:00:30 UTC"}
{"level":"info","message":"Database connected successfully","service":"binance-trader","timestamp":"2026-03-08T18:00:30.359Z"}
{"level":"info","message":"✅ Database connected","service":"binance-trader","timestamp":"2026-03-09 01:00:30 UTC"}
{"level":"info","message":"Redis connection test","result":"PONG","service":"binance-trader","timestamp":"2026-03-09 01:00:30 UTC"}
{"level":"info","message":"✅ Redis connected","service":"binance-trader","timestamp":"2026-03-09 01:00:30 UTC"}
{"level":"info","message":"Binance API connection test (public) successful","service":"binance-trader","timestamp":"2026-03-09 01:00:30 UTC"}
{"availableBalance":"5000.00000000","canDeposit":true,"canTrade":true,"canWithdraw":true,"level":"info","message":"Binance API connection test (authenticated) successful","service":"binance-trader","timestamp":"2026-03-09 01:00:30 UTC","totalWalletBalance":"5000.00000000"}
{"balance":5000,"canTrade":true,"level":"info","message":"✅ Binance API connected (authenticated)","service":"binance-trader","testnet":true,"timestamp":"2026-03-09 01:00:30 UTC"}
{"availableBalance":5000,"level":"info","message":"Account Info","openPositions":0,"service":"binance-trader","timestamp":"2026-03-09 01:00:30 UTC","totalBalance":5000,"unrealizedPnL":0}
{"level":"info","message":"Telegram connection test successful","service":"binance-trader","timestamp":"2026-03-09 01:00:31 UTC"}
{"level":"info","message":"✅ Telegram connected","service":"binance-trader","timestamp":"2026-03-09 01:00:31 UTC"}
{"balance":5000,"level":"info","message":"Account balance","service":"binance-trader","timestamp":"2026-03-09 01:00:31 UTC"}
{"level":"info","listenKey":"qgI4Abh0yXvFBQnjy7hZbSzeddWaURMVlwDxmn32XBKeqHgXklY8nMSt0ib0Vdvs","message":"User data stream created","service":"binance-trader","timestamp":"2026-03-09 01:00:32 UTC"}
{"level":"info","message":"Connecting to user data stream","service":"binance-trader","timestamp":"2026-03-09 01:00:32 UTC"}
{"level":"info","message":"User data stream connected","service":"binance-trader","timestamp":"2026-03-09 01:00:32 UTC"}
{"level":"info","message":"✅ Trading bot started successfully","service":"binance-trader","timestamp":"2026-03-09 01:00:32 UTC"}
{"level":"info","message":"User data stream connected","service":"binance-trader","timestamp":"2026-03-09 01:00:32 UTC"}
{"level":"info","message":"Starting symbol scanner (interval: 5 minutes)","service":"binance-trader","timestamp":"2026-03-09 01:00:32 UTC"}
{"level":"info","message":"Starting symbol scan...","service":"binance-trader","timestamp":"2026-03-09 01:00:32 UTC"}
{"level":"info","message":"Symbol scanner started","service":"binance-trader","timestamp":"2026-03-09 01:00:32 UTC"}
{"level":"info","message":"✅ Symbol scanner started (interval: 5 minutes)","service":"binance-trader","timestamp":"2026-03-09 01:00:32 UTC"}
{"level":"info","message":"Auto-trading ready (call startAutoTrader() to begin)","service":"binance-trader","timestamp":"2026-03-09 01:00:32 UTC"}
{"level":"info","message":"Bot is running. Press Ctrl+C to stop.","service":"binance-trader","timestamp":"2026-03-09 01:00:32 UTC"}
{"level":"info","message":"Found 533 USDT perpetual futures symbols","service":"binance-trader","timestamp":"2026-03-09 01:00:32 UTC"}
{"level":"info","message":"Scan progress: 50/533","service":"binance-trader","timestamp":"2026-03-09 01:00:32 UTC"}
{"level":"info","message":"Scan progress: 100/533","service":"binance-trader","timestamp":"2026-03-09 01:00:33 UTC"}
{"level":"info","message":"Scan progress: 150/533","service":"binance-trader","timestamp":"2026-03-09 01:00:33 UTC"}
{"level":"info","message":"Scan progress: 200/533","service":"binance-trader","timestamp":"2026-03-09 01:00:34 UTC"}
{"level":"info","message":"Scan progress: 250/533","service":"binance-trader","timestamp":"2026-03-09 01:00:34 UTC"}
{"level":"info","message":"Scan progress: 300/533","service":"binance-trader","timestamp":"2026-03-09 01:00:34 UTC"}
{"level":"info","message":"Scan progress: 350/533","service":"binance-trader","timestamp":"2026-03-09 01:00:35 UTC"}
{"level":"info","message":"Scan progress: 400/533","service":"binance-trader","timestamp":"2026-03-09 01:00:35 UTC"}
{"level":"info","message":"Scan progress: 450/533","service":"binance-trader","timestamp":"2026-03-09 01:00:35 UTC"}
{"level":"info","message":"Scan progress: 500/533","service":"binance-trader","timestamp":"2026-03-09 01:00:36 UTC"}
{"level":"info","message":"Scan progress: 533/533","service":"binance-trader","timestamp":"2026-03-09 01:00:36 UTC"}
{"level":"info","message":"Symbol scan completed in 4.07s","service":"binance-trader","timestamp":"2026-03-09 01:00:36 UTC","topScore":100,"totalSymbols":533}
{"count":533,"level":"info","message":"Scan results saved to Redis","service":"binance-trader","timestamp":"2026-03-09 01:00:36 UTC"}
{"level":"info","message":"Top opportunities sent to Telegram","service":"binance-trader","timestamp":"2026-03-09 01:00:37 UTC"}
{"level":"info","message":"Starting symbol scan...","service":"binance-trader","timestamp":"2026-03-09 01:05:32 UTC"}
{"level":"info","message":"Found 533 USDT perpetual futures symbols","service":"binance-trader","timestamp":"2026-03-09 01:05:32 UTC"}
{"level":"info","message":"Scan progress: 50/533","service":"binance-trader","timestamp":"2026-03-09 01:05:33 UTC"}
{"level":"info","message":"Scan progress: 100/533","service":"binance-trader","timestamp":"2026-03-09 01:05:33 UTC"}
{"level":"info","message":"Scan progress: 150/533","service":"binance-trader","timestamp":"2026-03-09 01:05:33 UTC"}
{"level":"info","message":"Scan progress: 200/533","service":"binance-trader","timestamp":"2026-03-09 01:05:33 UTC"}
{"level":"info","message":"Scan progress: 250/533","service":"binance-trader","timestamp":"2026-03-09 01:05:34 UTC"}
{"level":"info","message":"Scan progress: 300/533","service":"binance-trader","timestamp":"2026-03-09 01:05:34 UTC"}
{"level":"info","message":"Scan progress: 350/533","service":"binance-trader","timestamp":"2026-03-09 01:05:34 UTC"}
{"level":"info","message":"Scan progress: 400/533","service":"binance-trader","timestamp":"2026-03-09 01:05:34 UTC"}
{"level":"info","message":"Scan progress: 450/533","service":"binance-trader","timestamp":"2026-03-09 01:05:35 UTC"}
{"level":"info","message":"Scan progress: 500/533","service":"binance-trader","timestamp":"2026-03-09 01:05:35 UTC"}
{"level":"info","message":"Scan progress: 533/533","service":"binance-trader","timestamp":"2026-03-09 01:05:35 UTC"}
{"level":"info","message":"Symbol scan completed in 3.26s","service":"binance-trader","timestamp":"2026-03-09 01:05:35 UTC","topScore":100,"totalSymbols":533}
{"count":533,"level":"info","message":"Scan results saved to Redis","service":"binance-trader","timestamp":"2026-03-09 01:05:35 UTC"}
{"level":"info","message":"Top opportunities sent to Telegram","service":"binance-trader","timestamp":"2026-03-09 01:05:36 UTC"}
{"level":"info","message":"Telegram alerts enabled","service":"binance-trader","timestamp":"2026-03-09 01:07:17 UTC"}
{"balance":"60.00","from":"INIT","level":"info","message":"🎯 Tier transition","monthlyTarget":"$30.00","runway":"2.0 months","service":"binance-trader","status":"CRITICAL","timestamp":"2026-03-09 01:07:17 UTC","to":"SURVIVAL"}
{"balance":"60.00","drawdown":"0.00%","level":"warn","message":"⚠️ EMERGENCY MODE ACTIVATED","reason":"Low capital","service":"binance-trader","timestamp":"2026-03-09 01:07:17 UTC"}
{"emaFast":9,"emaSlow":21,"emaTrend":50,"level":"info","message":"EMA Crossover Strategy initialized","service":"binance-trader","timestamp":"2026-03-09 01:07:17 UTC"}
{"level":"info","message":"RSI Strategy initialized","overboughtLevel":70,"oversoldLevel":30,"rsiPeriod":14,"service":"binance-trader","timestamp":"2026-03-09 01:07:17 UTC"}
{"level":"info","maxPositions":2,"message":"🔥 SURVIVAL MODE Signal Aggregator initialized","minConfidence":0.75,"minConfluence":2.5,"requiredAgreement":1,"service":"binance-trader","strategiesCount":2,"timestamp":"2026-03-09 01:07:17 UTC"}
{"apiPlan":"developer","checkInterval":"900s","enabled":true,"hasCryptoPanicKey":true,"level":"info","message":"News Checker initialized","service":"binance-trader","timestamp":"2026-03-09 01:07:17 UTC"}
{"level":"info","maxPositions":2,"message":"🔥 SURVIVAL MODE Auto Trader initialized","minConfidence":"75%","newsCheckEnabled":true,"paperTrading":false,"riskPerTrade":"1.5%","scanInterval":"180s","service":"binance-trader","symbols":["BTCUSDT","ETHUSDT","SOLUSDT"],"targetMonthly":"50%","tier":"SURVIVAL","timestamp":"2026-03-09 01:07:17 UTC","tradingEnabled":true}
{"level":"info","message":"🚀 Starting Binance Futures Trading Bot","service":"binance-trader","timestamp":"2026-03-09 01:07:17 UTC"}
{"env":"production","level":"info","leverage":5,"message":"Configuration","paperTrading":false,"service":"binance-trader","testnet":true,"timestamp":"2026-03-09 01:07:17 UTC","tradingEnabled":true}
{"level":"info","message":"Redis connected","service":"binance-trader","timestamp":"2026-03-09 01:07:17 UTC"}
{"level":"info","message":"Database connected successfully","service":"binance-trader","timestamp":"2026-03-08T18:07:17.928Z"}
{"level":"info","message":"✅ Database connected","service":"binance-trader","timestamp":"2026-03-09 01:07:17 UTC"}
{"level":"info","message":"Redis connection test","result":"PONG","service":"binance-trader","timestamp":"2026-03-09 01:07:17 UTC"}
{"level":"info","message":"✅ Redis connected","service":"binance-trader","timestamp":"2026-03-09 01:07:17 UTC"}
{"level":"info","message":"Binance API connection test (public) successful","service":"binance-trader","timestamp":"2026-03-09 01:07:18 UTC"}
{"availableBalance":"5000.00000000","canDeposit":true,"canTrade":true,"canWithdraw":true,"level":"info","message":"Binance API connection test (authenticated) successful","service":"binance-trader","timestamp":"2026-03-09 01:07:18 UTC","totalWalletBalance":"5000.00000000"}
{"balance":5000,"canTrade":true,"level":"info","message":"✅ Binance API connected (authenticated)","service":"binance-trader","testnet":true,"timestamp":"2026-03-09 01:07:18 UTC"}
{"availableBalance":5000,"level":"info","message":"Account Info","openPositions":0,"service":"binance-trader","timestamp":"2026-03-09 01:07:18 UTC","totalBalance":5000,"unrealizedPnL":0}
{"level":"info","message":"Telegram connection test successful","service":"binance-trader","timestamp":"2026-03-09 01:07:19 UTC"}
{"level":"info","message":"✅ Telegram connected","service":"binance-trader","timestamp":"2026-03-09 01:07:19 UTC"}
{"balance":5000,"level":"info","message":"Account balance","service":"binance-trader","timestamp":"2026-03-09 01:07:19 UTC"}
{"level":"info","listenKey":"qgI4Abh0yXvFBQnjy7hZbSzeddWaURMVlwDxmn32XBKeqHgXklY8nMSt0ib0Vdvs","message":"User data stream created","service":"binance-trader","timestamp":"2026-03-09 01:07:19 UTC"}
{"level":"info","message":"Connecting to user data stream","service":"binance-trader","timestamp":"2026-03-09 01:07:19 UTC"}
{"level":"info","message":"User data stream connected","service":"binance-trader","timestamp":"2026-03-09 01:07:19 UTC"}
{"level":"info","message":"✅ Trading bot started successfully","service":"binance-trader","timestamp":"2026-03-09 01:07:19 UTC"}
{"level":"info","message":"User data stream connected","service":"binance-trader","timestamp":"2026-03-09 01:07:19 UTC"}
{"level":"info","message":"Starting symbol scanner (interval: 5 minutes)","service":"binance-trader","timestamp":"2026-03-09 01:07:19 UTC"}
{"level":"info","message":"Starting symbol scan...","service":"binance-trader","timestamp":"2026-03-09 01:07:19 UTC"}
{"level":"info","message":"Symbol scanner started","service":"binance-trader","timestamp":"2026-03-09 01:07:19 UTC"}
{"level":"info","message":"✅ Symbol scanner started (interval: 5 minutes)","service":"binance-trader","timestamp":"2026-03-09 01:07:19 UTC"}
{"level":"info","message":"Auto-trading ready (call startAutoTrader() to begin)","service":"binance-trader","timestamp":"2026-03-09 01:07:19 UTC"}
{"level":"info","message":"Bot is running. Press Ctrl+C to stop.","service":"binance-trader","timestamp":"2026-03-09 01:07:19 UTC"}
{"level":"info","message":"Found 533 USDT perpetual futures symbols","service":"binance-trader","timestamp":"2026-03-09 01:07:20 UTC"}
{"level":"info","message":"Scan progress: 50/533","service":"binance-trader","timestamp":"2026-03-09 01:07:20 UTC"}
{"level":"info","message":"Scan progress: 100/533","service":"binance-trader","timestamp":"2026-03-09 01:07:20 UTC"}
{"level":"info","message":"Scan progress: 150/533","service":"binance-trader","timestamp":"2026-03-09 01:07:21 UTC"}
{"level":"info","message":"Scan progress: 200/533","service":"binance-trader","timestamp":"2026-03-09 01:07:21 UTC"}
{"level":"info","message":"Scan progress: 250/533","service":"binance-trader","timestamp":"2026-03-09 01:07:21 UTC"}
{"level":"info","message":"Scan progress: 300/533","service":"binance-trader","timestamp":"2026-03-09 01:07:22 UTC"}
{"level":"info","message":"Scan progress: 350/533","service":"binance-trader","timestamp":"2026-03-09 01:07:22 UTC"}
{"level":"info","message":"Scan progress: 400/533","service":"binance-trader","timestamp":"2026-03-09 01:07:22 UTC"}
{"level":"info","message":"Scan progress: 450/533","service":"binance-trader","timestamp":"2026-03-09 01:07:23 UTC"}
{"level":"info","message":"Scan progress: 500/533","service":"binance-trader","timestamp":"2026-03-09 01:07:23 UTC"}
{"level":"info","message":"Scan progress: 533/533","service":"binance-trader","timestamp":"2026-03-09 01:07:23 UTC"}
{"level":"info","message":"Symbol scan completed in 3.90s","service":"binance-trader","timestamp":"2026-03-09 01:07:23 UTC","topScore":100,"totalSymbols":533}
{"count":533,"level":"info","message":"Scan results saved to Redis","service":"binance-trader","timestamp":"2026-03-09 01:07:23 UTC"}
{"level":"info","message":"Top opportunities sent to Telegram","service":"binance-trader","timestamp":"2026-03-09 01:07:24 UTC"}
{"level":"info","message":"Starting symbol scan...","service":"binance-trader","timestamp":"2026-03-09 01:12:19 UTC"}
{"level":"info","message":"Found 533 USDT perpetual futures symbols","service":"binance-trader","timestamp":"2026-03-09 01:12:20 UTC"}
{"level":"info","message":"Scan progress: 50/533","service":"binance-trader","timestamp":"2026-03-09 01:12:25 UTC"}
{"level":"info","message":"Scan progress: 100/533","service":"binance-trader","timestamp":"2026-03-09 01:12:25 UTC"}
{"level":"info","message":"Scan progress: 150/533","service":"binance-trader","timestamp":"2026-03-09 01:12:25 UTC"}
{"level":"info","message":"Scan progress: 200/533","service":"binance-trader","timestamp":"2026-03-09 01:12:26 UTC"}
{"level":"info","message":"Scan progress: 250/533","service":"binance-trader","timestamp":"2026-03-09 01:12:26 UTC"}
{"level":"info","message":"Scan progress: 300/533","service":"binance-trader","timestamp":"2026-03-09 01:12:26 UTC"}
{"level":"info","message":"Scan progress: 350/533","service":"binance-trader","timestamp":"2026-03-09 01:12:27 UTC"}
{"level":"info","message":"Scan progress: 400/533","service":"binance-trader","timestamp":"2026-03-09 01:12:27 UTC"}
{"level":"info","message":"Scan progress: 450/533","service":"binance-trader","timestamp":"2026-03-09 01:12:27 UTC"}
{"level":"info","message":"Scan progress: 500/533","service":"binance-trader","timestamp":"2026-03-09 01:12:28 UTC"}
{"level":"info","message":"Scan progress: 533/533","service":"binance-trader","timestamp":"2026-03-09 01:12:28 UTC"}
{"level":"info","message":"Symbol scan completed in 8.46s","service":"binance-trader","timestamp":"2026-03-09 01:12:28 UTC","topScore":100,"totalSymbols":533}
{"count":533,"level":"info","message":"Scan results saved to Redis","service":"binance-trader","timestamp":"2026-03-09 01:12:28 UTC"}
{"level":"info","message":"Top opportunities sent to Telegram","service":"binance-trader","timestamp":"2026-03-09 01:12:28 UTC"}
{"level":"info","message":"Starting symbol scan...","service":"binance-trader","timestamp":"2026-03-09 01:17:19 UTC"}
{"level":"info","message":"Found 533 USDT perpetual futures symbols","service":"binance-trader","timestamp":"2026-03-09 01:17:20 UTC"}
{"level":"info","message":"Scan progress: 50/533","service":"binance-trader","timestamp":"2026-03-09 01:17:20 UTC"}
{"level":"info","message":"Scan progress: 100/533","service":"binance-trader","timestamp":"2026-03-09 01:17:20 UTC"}
{"level":"info","message":"Scan progress: 150/533","service":"binance-trader","timestamp":"2026-03-09 01:17:21 UTC"}
{"level":"info","message":"Scan progress: 200/533","service":"binance-trader","timestamp":"2026-03-09 01:17:21 UTC"}
{"level":"info","message":"Scan progress: 250/533","service":"binance-trader","timestamp":"2026-03-09 01:17:21 UTC"}
{"level":"info","message":"Scan progress: 300/533","service":"binance-trader","timestamp":"2026-03-09 01:17:22 UTC"}
{"level":"info","message":"Scan progress: 350/533","service":"binance-trader","timestamp":"2026-03-09 01:17:22 UTC"}
{"level":"info","message":"Scan progress: 400/533","service":"binance-trader","timestamp":"2026-03-09 01:17:22 UTC"}
{"level":"info","message":"Scan progress: 450/533","service":"binance-trader","timestamp":"2026-03-09 01:17:23 UTC"}
{"level":"info","message":"Scan progress: 500/533","service":"binance-trader","timestamp":"2026-03-09 01:17:23 UTC"}
{"level":"info","message":"Scan progress: 533/533","service":"binance-trader","timestamp":"2026-03-09 01:17:24 UTC"}
{"level":"info","message":"Symbol scan completed in 4.07s","service":"binance-trader","timestamp":"2026-03-09 01:17:24 UTC","topScore":100,"totalSymbols":533}
{"count":533,"level":"info","message":"Scan results saved to Redis","service":"binance-trader","timestamp":"2026-03-09 01:17:24 UTC"}
{"level":"info","message":"Top opportunities sent to Telegram","service":"binance-trader","timestamp":"2026-03-09 01:17:24 UTC"}
{"level":"info","message":"Starting symbol scan...","service":"binance-trader","timestamp":"2026-03-09 01:22:19 UTC"}
{"level":"info","message":"Found 533 USDT perpetual futures symbols","service":"binance-trader","timestamp":"2026-03-09 01:22:20 UTC"}
{"level":"info","message":"Scan progress: 50/533","service":"binance-trader","timestamp":"2026-03-09 01:22:20 UTC"}
{"level":"info","message":"Scan progress: 100/533","service":"binance-trader","timestamp":"2026-03-09 01:22:20 UTC"}
{"level":"info","message":"Scan progress: 150/533","service":"binance-trader","timestamp":"2026-03-09 01:22:21 UTC"}
{"level":"info","message":"Scan progress: 200/533","service":"binance-trader","timestamp":"2026-03-09 01:22:21 UTC"}
{"level":"info","message":"Scan progress: 250/533","service":"binance-trader","timestamp":"2026-03-09 01:22:21 UTC"}
{"level":"info","message":"Scan progress: 300/533","service":"binance-trader","timestamp":"2026-03-09 01:22:21 UTC"}
{"level":"info","message":"Scan progress: 350/533","service":"binance-trader","timestamp":"2026-03-09 01:22:22 UTC"}
{"level":"info","message":"Scan progress: 400/533","service":"binance-trader","timestamp":"2026-03-09 01:22:22 UTC"}
{"level":"info","message":"Scan progress: 450/533","service":"binance-trader","timestamp":"2026-03-09 01:22:22 UTC"}
{"level":"info","message":"Scan progress: 500/533","service":"binance-trader","timestamp":"2026-03-09 01:22:23 UTC"}
{"level":"info","message":"Scan progress: 533/533","service":"binance-trader","timestamp":"2026-03-09 01:22:23 UTC"}
{"level":"info","message":"Symbol scan completed in 3.30s","service":"binance-trader","timestamp":"2026-03-09 01:22:23 UTC","topScore":100,"totalSymbols":533}
{"count":533,"level":"info","message":"Scan results saved to Redis","service":"binance-trader","timestamp":"2026-03-09 01:22:23 UTC"}
{"level":"info","message":"Top opportunities sent to Telegram","service":"binance-trader","timestamp":"2026-03-09 01:22:23 UTC"}
{"level":"info","message":"Starting symbol scan...","service":"binance-trader","timestamp":"2026-03-09 01:27:19 UTC"}
{"level":"info","message":"Found 533 USDT perpetual futures symbols","service":"binance-trader","timestamp":"2026-03-09 01:27:20 UTC"}
{"level":"info","message":"Scan progress: 50/533","service":"binance-trader","timestamp":"2026-03-09 01:27:20 UTC"}
{"level":"info","message":"Scan progress: 100/533","service":"binance-trader","timestamp":"2026-03-09 01:27:20 UTC"}
{"level":"info","message":"Scan progress: 150/533","service":"binance-trader","timestamp":"2026-03-09 01:27:21 UTC"}
{"level":"info","message":"Scan progress: 200/533","service":"binance-trader","timestamp":"2026-03-09 01:27:21 UTC"}
{"level":"info","message":"Scan progress: 250/533","service":"binance-trader","timestamp":"2026-03-09 01:27:21 UTC"}
{"level":"info","message":"Scan progress: 300/533","service":"binance-trader","timestamp":"2026-03-09 01:27:21 UTC"}
{"level":"info","message":"Scan progress: 350/533","service":"binance-trader","timestamp":"2026-03-09 01:27:22 UTC"}
{"level":"info","message":"Scan progress: 400/533","service":"binance-trader","timestamp":"2026-03-09 01:27:22 UTC"}
{"level":"info","message":"Scan progress: 450/533","service":"binance-trader","timestamp":"2026-03-09 01:27:23 UTC"}
{"level":"info","message":"Scan progress: 500/533","service":"binance-trader","timestamp":"2026-03-09 01:27:23 UTC"}
{"level":"info","message":"Scan progress: 533/533","service":"binance-trader","timestamp":"2026-03-09 01:27:23 UTC"}
{"level":"info","message":"Symbol scan completed in 3.86s","service":"binance-trader","timestamp":"2026-03-09 01:27:23 UTC","topScore":100,"totalSymbols":533}
{"count":533,"level":"info","message":"Scan results saved to Redis","service":"binance-trader","timestamp":"2026-03-09 01:27:23 UTC"}
{"level":"info","message":"Top opportunities sent to Telegram","service":"binance-trader","timestamp":"2026-03-09 01:27:24 UTC"}
{"level":"info","message":"Starting symbol scan...","service":"binance-trader","timestamp":"2026-03-09 01:32:19 UTC"}
{"level":"info","message":"Found 533 USDT perpetual futures symbols","service":"binance-trader","timestamp":"2026-03-09 01:32:20 UTC"}
{"level":"info","message":"Scan progress: 50/533","service":"binance-trader","timestamp":"2026-03-09 01:32:20 UTC"}
{"level":"info","message":"Scan progress: 100/533","service":"binance-trader","timestamp":"2026-03-09 01:32:20 UTC"}
{"level":"info","message":"Scan progress: 150/533","service":"binance-trader","timestamp":"2026-03-09 01:32:21 UTC"}
{"level":"info","message":"Scan progress: 200/533","service":"binance-trader","timestamp":"2026-03-09 01:32:21 UTC"}
{"level":"info","message":"Scan progress: 250/533","service":"binance-trader","timestamp":"2026-03-09 01:32:21 UTC"}
{"level":"info","message":"Scan progress: 300/533","service":"binance-trader","timestamp":"2026-03-09 01:32:22 UTC"}
{"level":"info","message":"Scan progress: 350/533","service":"binance-trader","timestamp":"2026-03-09 01:32:22 UTC"}
{"level":"info","message":"Scan progress: 400/533","service":"binance-trader","timestamp":"2026-03-09 01:32:22 UTC"}
{"level":"info","message":"Scan progress: 450/533","service":"binance-trader","timestamp":"2026-03-09 01:32:23 UTC"}
{"level":"info","message":"Scan progress: 500/533","service":"binance-trader","timestamp":"2026-03-09 01:32:23 UTC"}
{"level":"info","message":"Scan progress: 533/533","service":"binance-trader","timestamp":"2026-03-09 01:32:23 UTC"}
{"level":"info","message":"Symbol scan completed in 3.74s","service":"binance-trader","timestamp":"2026-03-09 01:32:23 UTC","topScore":100,"totalSymbols":533}
{"count":533,"level":"info","message":"Scan results saved to Redis","service":"binance-trader","timestamp":"2026-03-09 01:32:23 UTC"}
{"level":"info","message":"Top opportunities sent to Telegram","service":"binance-trader","timestamp":"2026-03-09 01:32:24 UTC"}
{"level":"info","message":"Starting symbol scan...","service":"binance-trader","timestamp":"2026-03-09 01:37:19 UTC"}
{"level":"info","message":"Found 533 USDT perpetual futures symbols","service":"binance-trader","timestamp":"2026-03-09 01:37:20 UTC"}
{"level":"info","message":"Scan progress: 50/533","service":"binance-trader","timestamp":"2026-03-09 01:37:20 UTC"}
{"level":"info","message":"Scan progress: 100/533","service":"binance-trader","timestamp":"2026-03-09 01:37:20 UTC"}
{"level":"info","message":"Scan progress: 150/533","service":"binance-trader","timestamp":"2026-03-09 01:37:21 UTC"}
{"level":"info","message":"Scan progress: 200/533","service":"binance-trader","timestamp":"2026-03-09 01:37:21 UTC"}
{"level":"info","message":"Scan progress: 250/533","service":"binance-trader","timestamp":"2026-03-09 01:37:21 UTC"}
{"level":"info","message":"Scan progress: 300/533","service":"binance-trader","timestamp":"2026-03-09 01:37:21 UTC"}
{"level":"info","message":"Scan progress: 350/533","service":"binance-trader","timestamp":"2026-03-09 01:37:22 UTC"}
{"level":"info","message":"Scan progress: 400/533","service":"binance-trader","timestamp":"2026-03-09 01:37:22 UTC"}
{"level":"info","message":"Scan progress: 450/533","service":"binance-trader","timestamp":"2026-03-09 01:37:22 UTC"}
{"level":"info","message":"Scan progress: 500/533","service":"binance-trader","timestamp":"2026-03-09 01:37:23 UTC"}
{"level":"info","message":"Scan progress: 533/533","service":"binance-trader","timestamp":"2026-03-09 01:37:23 UTC"}
{"level":"info","message":"Symbol scan completed in 3.41s","service":"binance-trader","timestamp":"2026-03-09 01:37:23 UTC","topScore":100,"totalSymbols":533}
{"count":533,"level":"info","message":"Scan results saved to Redis","service":"binance-trader","timestamp":"2026-03-09 01:37:23 UTC"}
{"level":"info","message":"Top opportunities sent to Telegram","service":"binance-trader","timestamp":"2026-03-09 01:37:23 UTC"}
{"level":"info","message":"Starting symbol scan...","service":"binance-trader","timestamp":"2026-03-09 01:42:19 UTC"}
{"level":"info","message":"Found 533 USDT perpetual futures symbols","service":"binance-trader","timestamp":"2026-03-09 01:42:20 UTC"}
{"level":"info","message":"Scan progress: 50/533","service":"binance-trader","timestamp":"2026-03-09 01:42:21 UTC"}
{"level":"info","message":"Scan progress: 100/533","service":"binance-trader","timestamp":"2026-03-09 01:42:21 UTC"}
{"level":"info","message":"Scan progress: 150/533","service":"binance-trader","timestamp":"2026-03-09 01:42:22 UTC"}
{"level":"info","message":"Scan progress: 200/533","service":"binance-trader","timestamp":"2026-03-09 01:42:22 UTC"}
{"level":"info","message":"Scan progress: 250/533","service":"binance-trader","timestamp":"2026-03-09 01:42:22 UTC"}
{"level":"info","message":"Scan progress: 300/533","service":"binance-trader","timestamp":"2026-03-09 01:42:22 UTC"}
{"level":"info","message":"Scan progress: 350/533","service":"binance-trader","timestamp":"2026-03-09 01:42:23 UTC"}
{"level":"info","message":"Scan progress: 400/533","service":"binance-trader","timestamp":"2026-03-09 01:42:23 UTC"}
{"level":"info","message":"Scan progress: 450/533","service":"binance-trader","timestamp":"2026-03-09 01:42:24 UTC"}
{"level":"info","message":"Scan progress: 500/533","service":"binance-trader","timestamp":"2026-03-09 01:42:24 UTC"}
{"level":"info","message":"Scan progress: 533/533","service":"binance-trader","timestamp":"2026-03-09 01:42:24 UTC"}
{"level":"info","message":"Symbol scan completed in 4.69s","service":"binance-trader","timestamp":"2026-03-09 01:42:24 UTC","topScore":100,"totalSymbols":533}
{"count":533,"level":"info","message":"Scan results saved to Redis","service":"binance-trader","timestamp":"2026-03-09 01:42:24 UTC"}
{"level":"info","message":"Top opportunities sent to Telegram","service":"binance-trader","timestamp":"2026-03-09 01:42:25 UTC"}
{"level":"info","message":"Starting symbol scan...","service":"binance-trader","timestamp":"2026-03-09 01:47:19 UTC"}
{"level":"info","message":"Found 533 USDT perpetual futures symbols","service":"binance-trader","timestamp":"2026-03-09 01:47:20 UTC"}
{"level":"info","message":"Scan progress: 50/533","service":"binance-trader","timestamp":"2026-03-09 01:47:20 UTC"}
{"level":"info","message":"Scan progress: 100/533","service":"binance-trader","timestamp":"2026-03-09 01:47:20 UTC"}
{"level":"info","message":"Scan progress: 150/533","service":"binance-trader","timestamp":"2026-03-09 01:47:21 UTC"}
{"level":"info","message":"Scan progress: 200/533","service":"binance-trader","timestamp":"2026-03-09 01:47:21 UTC"}
{"level":"info","message":"Scan progress: 250/533","service":"binance-trader","timestamp":"2026-03-09 01:47:21 UTC"}
{"level":"info","message":"Scan progress: 300/533","service":"binance-trader","timestamp":"2026-03-09 01:47:21 UTC"}
{"level":"info","message":"Scan progress: 350/533","service":"binance-trader","timestamp":"2026-03-09 01:47:22 UTC"}
{"level":"info","message":"Scan progress: 400/533","service":"binance-trader","timestamp":"2026-03-09 01:47:22 UTC"}
{"level":"info","message":"Scan progress: 450/533","service":"binance-trader","timestamp":"2026-03-09 01:47:22 UTC"}
{"level":"info","message":"Scan progress: 500/533","service":"binance-trader","timestamp":"2026-03-09 01:47:23 UTC"}
{"level":"info","message":"Scan progress: 533/533","service":"binance-trader","timestamp":"2026-03-09 01:47:23 UTC"}
{"level":"info","message":"Symbol scan completed in 3.57s","service":"binance-trader","timestamp":"2026-03-09 01:47:23 UTC","topScore":100,"totalSymbols":533}
{"count":533,"level":"info","message":"Scan results saved to Redis","service":"binance-trader","timestamp":"2026-03-09 01:47:23 UTC"}
{"level":"info","message":"Top opportunities sent to Telegram","service":"binance-trader","timestamp":"2026-03-09 01:47:23 UTC"}
{"level":"info","message":"Starting symbol scan...","service":"binance-trader","timestamp":"2026-03-09 01:52:19 UTC"}
{"level":"info","message":"Found 533 USDT perpetual futures symbols","service":"binance-trader","timestamp":"2026-03-09 01:52:20 UTC"}
{"level":"info","message":"Scan progress: 50/533","service":"binance-trader","timestamp":"2026-03-09 01:52:20 UTC"}
{"level":"info","message":"Scan progress: 100/533","service":"binance-trader","timestamp":"2026-03-09 01:52:20 UTC"}
{"level":"info","message":"Scan progress: 150/533","service":"binance-trader","timestamp":"2026-03-09 01:52:21 UTC"}
{"level":"info","message":"Scan progress: 200/533","service":"binance-trader","timestamp":"2026-03-09 01:52:21 UTC"}
{"level":"info","message":"Scan progress: 250/533","service":"binance-trader","timestamp":"2026-03-09 01:52:21 UTC"}
{"level":"info","message":"Scan progress: 300/533","service":"binance-trader","timestamp":"2026-03-09 01:52:22 UTC"}
{"level":"info","message":"Scan progress: 350/533","service":"binance-trader","timestamp":"2026-03-09 01:52:22 UTC"}
{"level":"info","message":"Scan progress: 400/533","service":"binance-trader","timestamp":"2026-03-09 01:52:22 UTC"}
{"level":"info","message":"Scan progress: 450/533","service":"binance-trader","timestamp":"2026-03-09 01:52:23 UTC"}
{"level":"info","message":"Scan progress: 500/533","service":"binance-trader","timestamp":"2026-03-09 01:52:23 UTC"}
{"level":"info","message":"Scan progress: 533/533","service":"binance-trader","timestamp":"2026-03-09 01:52:23 UTC"}
{"level":"info","message":"Symbol scan completed in 3.78s","service":"binance-trader","timestamp":"2026-03-09 01:52:23 UTC","topScore":100,"totalSymbols":533}
{"count":533,"level":"info","message":"Scan results saved to Redis","service":"binance-trader","timestamp":"2026-03-09 01:52:23 UTC"}
{"level":"info","message":"Top opportunities sent to Telegram","service":"binance-trader","timestamp":"2026-03-09 01:52:24 UTC"}
{"level":"info","message":"Starting symbol scan...","service":"binance-trader","timestamp":"2026-03-09 01:57:19 UTC"}
{"level":"info","message":"Found 533 USDT perpetual futures symbols","service":"binance-trader","timestamp":"2026-03-09 01:57:20 UTC"}
{"level":"info","message":"Scan progress: 50/533","service":"binance-trader","timestamp":"2026-03-09 01:57:20 UTC"}
{"level":"info","message":"Scan progress: 100/533","service":"binance-trader","timestamp":"2026-03-09 01:57:20 UTC"}
{"level":"info","message":"Scan progress: 150/533","service":"binance-trader","timestamp":"2026-03-09 01:57:21 UTC"}
{"level":"info","message":"Scan progress: 200/533","service":"binance-trader","timestamp":"2026-03-09 01:57:21 UTC"}
{"level":"info","message":"Scan progress: 250/533","service":"binance-trader","timestamp":"2026-03-09 01:57:21 UTC"}
{"level":"info","message":"Scan progress: 300/533","service":"binance-trader","timestamp":"2026-03-09 01:57:21 UTC"}
{"level":"info","message":"Scan progress: 350/533","service":"binance-trader","timestamp":"2026-03-09 01:57:22 UTC"}
{"level":"info","message":"Scan progress: 400/533","service":"binance-trader","timestamp":"2026-03-09 01:57:22 UTC"}
{"level":"info","message":"Scan progress: 450/533","service":"binance-trader","timestamp":"2026-03-09 01:57:22 UTC"}
{"level":"info","message":"Scan progress: 500/533","service":"binance-trader","timestamp":"2026-03-09 01:57:23 UTC"}
{"level":"info","message":"Scan progress: 533/533","service":"binance-trader","timestamp":"2026-03-09 01:57:23 UTC"}
{"level":"info","message":"Symbol scan completed in 3.25s","service":"binance-trader","timestamp":"2026-03-09 01:57:23 UTC","topScore":100,"totalSymbols":533}
{"count":533,"level":"info","message":"Scan results saved to Redis","service":"binance-trader","timestamp":"2026-03-09 01:57:23 UTC"}
{"level":"info","message":"Top opportunities sent to Telegram","service":"binance-trader","timestamp":"2026-03-09 01:57:23 UTC"}
{"level":"info","message":"Starting symbol scan...","service":"binance-trader","timestamp":"2026-03-09 02:02:19 UTC"}
{"level":"info","message":"Found 533 USDT perpetual futures symbols","service":"binance-trader","timestamp":"2026-03-09 02:02:20 UTC"}
{"level":"info","message":"Scan progress: 50/533","service":"binance-trader","timestamp":"2026-03-09 02:02:20 UTC"}
{"level":"info","message":"Scan progress: 100/533","service":"binance-trader","timestamp":"2026-03-09 02:02:20 UTC"}
{"level":"info","message":"Scan progress: 150/533","service":"binance-trader","timestamp":"2026-03-09 02:02:21 UTC"}
{"level":"info","message":"Scan progress: 200/533","service":"binance-trader","timestamp":"2026-03-09 02:02:21 UTC"}
{"level":"info","message":"Scan progress: 250/533","service":"binance-trader","timestamp":"2026-03-09 02:02:21 UTC"}
{"level":"info","message":"Scan progress: 300/533","service":"binance-trader","timestamp":"2026-03-09 02:02:22 UTC"}
{"level":"info","message":"Scan progress: 350/533","service":"binance-trader","timestamp":"2026-03-09 02:02:22 UTC"}
{"level":"info","message":"Scan progress: 400/533","service":"binance-trader","timestamp":"2026-03-09 02:02:22 UTC"}
{"level":"info","message":"Scan progress: 450/533","service":"binance-trader","timestamp":"2026-03-09 02:02:22 UTC"}
{"level":"info","message":"Scan progress: 500/533","service":"binance-trader","timestamp":"2026-03-09 02:02:23 UTC"}
{"level":"info","message":"Scan progress: 533/533","service":"binance-trader","timestamp":"2026-03-09 02:02:23 UTC"}
{"level":"info","message":"Symbol scan completed in 3.71s","service":"binance-trader","timestamp":"2026-03-09 02:02:23 UTC","topScore":100,"totalSymbols":533}
{"count":533,"level":"info","message":"Scan results saved to Redis","service":"binance-trader","timestamp":"2026-03-09 02:02:23 UTC"}
{"level":"info","message":"Top opportunities sent to Telegram","service":"binance-trader","timestamp":"2026-03-09 02:02:24 UTC"}
{"level":"info","message":"Starting symbol scan...","service":"binance-trader","timestamp":"2026-03-09 02:07:19 UTC"}
{"level":"info","message":"Found 533 USDT perpetual futures symbols","service":"binance-trader","timestamp":"2026-03-09 02:07:20 UTC"}
{"level":"info","message":"Scan progress: 50/533","service":"binance-trader","timestamp":"2026-03-09 02:07:20 UTC"}
{"level":"info","message":"Scan progress: 100/533","service":"binance-trader","timestamp":"2026-03-09 02:07:20 UTC"}
{"level":"info","message":"Scan progress: 150/533","service":"binance-trader","timestamp":"2026-03-09 02:07:21 UTC"}
{"level":"info","message":"Scan progress: 200/533","service":"binance-trader","timestamp":"2026-03-09 02:07:21 UTC"}
{"level":"info","message":"Scan progress: 250/533","service":"binance-trader","timestamp":"2026-03-09 02:07:21 UTC"}
{"level":"info","message":"Scan progress: 300/533","service":"binance-trader","timestamp":"2026-03-09 02:07:22 UTC"}
{"level":"info","message":"Scan progress: 350/533","service":"binance-trader","timestamp":"2026-03-09 02:07:22 UTC"}
{"level":"info","message":"Scan progress: 400/533","service":"binance-trader","timestamp":"2026-03-09 02:07:22 UTC"}
{"level":"info","message":"Scan progress: 450/533","service":"binance-trader","timestamp":"2026-03-09 02:07:23 UTC"}
{"level":"info","message":"Scan progress: 500/533","service":"binance-trader","timestamp":"2026-03-09 02:07:23 UTC"}
{"level":"info","message":"Scan progress: 533/533","service":"binance-trader","timestamp":"2026-03-09 02:07:23 UTC"}
{"level":"info","message":"Symbol scan completed in 3.76s","service":"binance-trader","timestamp":"2026-03-09 02:07:23 UTC","topScore":100,"totalSymbols":533}
{"count":533,"level":"info","message":"Scan results saved to Redis","service":"binance-trader","timestamp":"2026-03-09 02:07:23 UTC"}
{"level":"info","message":"Top opportunities sent to Telegram","service":"binance-trader","timestamp":"2026-03-09 02:07:24 UTC"}
{"level":"info","message":"Starting symbol scan...","service":"binance-trader","timestamp":"2026-03-09 02:12:19 UTC"}
{"level":"info","message":"Found 533 USDT perpetual futures symbols","service":"binance-trader","timestamp":"2026-03-09 02:12:20 UTC"}
{"level":"info","message":"Scan progress: 50/533","service":"binance-trader","timestamp":"2026-03-09 02:12:21 UTC"}
{"level":"info","message":"Scan progress: 100/533","service":"binance-trader","timestamp":"2026-03-09 02:12:21 UTC"}
{"level":"info","message":"Scan progress: 150/533","service":"binance-trader","timestamp":"2026-03-09 02:12:22 UTC"}
{"level":"info","message":"Scan progress: 200/533","service":"binance-trader","timestamp":"2026-03-09 02:12:22 UTC"}
{"level":"info","message":"Scan progress: 250/533","service":"binance-trader","timestamp":"2026-03-09 02:12:22 UTC"}
{"level":"info","message":"Scan progress: 300/533","service":"binance-trader","timestamp":"2026-03-09 02:12:22 UTC"}
{"level":"info","message":"Scan progress: 350/533","service":"binance-trader","timestamp":"2026-03-09 02:12:23 UTC"}
{"level":"info","message":"Scan progress: 400/533","service":"binance-trader","timestamp":"2026-03-09 02:12:23 UTC"}
{"level":"info","message":"Scan progress: 450/533","service":"binance-trader","timestamp":"2026-03-09 02:12:23 UTC"}
{"level":"info","message":"Scan progress: 500/533","service":"binance-trader","timestamp":"2026-03-09 02:12:24 UTC"}
{"level":"info","message":"Scan progress: 533/533","service":"binance-trader","timestamp":"2026-03-09 02:12:24 UTC"}
{"level":"info","message":"Symbol scan completed in 4.78s","service":"binance-trader","timestamp":"2026-03-09 02:12:24 UTC","topScore":100,"totalSymbols":533}
{"count":533,"level":"info","message":"Scan results saved to Redis","service":"binance-trader","timestamp":"2026-03-09 02:12:24 UTC"}
{"level":"info","message":"Top opportunities sent to Telegram","service":"binance-trader","timestamp":"2026-03-09 02:12:25 UTC"}
{"level":"info","message":"Starting symbol scan...","service":"binance-trader","timestamp":"2026-03-09 02:17:19 UTC"}
{"level":"info","message":"Found 533 USDT perpetual futures symbols","service":"binance-trader","timestamp":"2026-03-09 02:17:20 UTC"}
{"level":"info","message":"Scan progress: 50/533","service":"binance-trader","timestamp":"2026-03-09 02:17:20 UTC"}
{"level":"info","message":"Scan progress: 100/533","service":"binance-trader","timestamp":"2026-03-09 02:17:20 UTC"}
{"level":"info","message":"Scan progress: 150/533","service":"binance-trader","timestamp":"2026-03-09 02:17:21 UTC"}
{"level":"info","message":"Scan progress: 200/533","service":"binance-trader","timestamp":"2026-03-09 02:17:21 UTC"}
{"level":"info","message":"Scan progress: 250/533","service":"binance-trader","timestamp":"2026-03-09 02:17:21 UTC"}
{"level":"info","message":"Scan progress: 300/533","service":"binance-trader","timestamp":"2026-03-09 02:17:22 UTC"}
{"level":"info","message":"Scan progress: 350/533","service":"binance-trader","timestamp":"2026-03-09 02:17:22 UTC"}
{"level":"info","message":"Scan progress: 400/533","service":"binance-trader","timestamp":"2026-03-09 02:17:22 UTC"}
{"level":"info","message":"Scan progress: 450/533","service":"binance-trader","timestamp":"2026-03-09 02:17:23 UTC"}
{"level":"info","message":"Scan progress: 500/533","service":"binance-trader","timestamp":"2026-03-09 02:17:23 UTC"}
{"level":"info","message":"Scan progress: 533/533","service":"binance-trader","timestamp":"2026-03-09 02:17:23 UTC"}
{"level":"info","message":"Symbol scan completed in 3.90s","service":"binance-trader","timestamp":"2026-03-09 02:17:23 UTC","topScore":100,"totalSymbols":533}
{"count":533,"level":"info","message":"Scan results saved to Redis","service":"binance-trader","timestamp":"2026-03-09 02:17:23 UTC"}
{"level":"info","message":"Top opportunities sent to Telegram","service":"binance-trader","timestamp":"2026-03-09 02:17:24 UTC"}
{"level":"info","message":"Starting symbol scan...","service":"binance-trader","timestamp":"2026-03-09 02:22:19 UTC"}
{"level":"info","message":"Found 533 USDT perpetual futures symbols","service":"binance-trader","timestamp":"2026-03-09 02:22:20 UTC"}
{"level":"info","message":"Scan progress: 50/533","service":"binance-trader","timestamp":"2026-03-09 02:22:20 UTC"}
{"level":"info","message":"Scan progress: 100/533","service":"binance-trader","timestamp":"2026-03-09 02:22:20 UTC"}
{"level":"info","message":"Scan progress: 150/533","service":"binance-trader","timestamp":"2026-03-09 02:22:20 UTC"}
{"level":"info","message":"Scan progress: 200/533","service":"binance-trader","timestamp":"2026-03-09 02:22:21 UTC"}
{"level":"info","message":"Scan progress: 250/533","service":"binance-trader","timestamp":"2026-03-09 02:22:21 UTC"}
{"level":"info","message":"Scan progress: 300/533","service":"binance-trader","timestamp":"2026-03-09 02:22:21 UTC"}
{"level":"info","message":"Scan progress: 350/533","service":"binance-trader","timestamp":"2026-03-09 02:22:21 UTC"}
{"level":"info","message":"Scan progress: 400/533","service":"binance-trader","timestamp":"2026-03-09 02:22:22 UTC"}
{"level":"info","message":"Scan progress: 450/533","service":"binance-trader","timestamp":"2026-03-09 02:22:22 UTC"}
{"level":"info","message":"Scan progress: 500/533","service":"binance-trader","timestamp":"2026-03-09 02:22:23 UTC"}
{"level":"info","message":"Scan progress: 533/533","service":"binance-trader","timestamp":"2026-03-09 02:22:23 UTC"}
{"level":"info","message":"Symbol scan completed in 3.48s","service":"binance-trader","timestamp":"2026-03-09 02:22:23 UTC","topScore":100,"totalSymbols":533}
{"count":533,"level":"info","message":"Scan results saved to Redis","service":"binance-trader","timestamp":"2026-03-09 02:22:23 UTC"}
{"level":"info","message":"Top opportunities sent to Telegram","service":"binance-trader","timestamp":"2026-03-09 02:22:23 UTC"}
{"level":"info","message":"Starting symbol scan...","service":"binance-trader","timestamp":"2026-03-09 02:27:19 UTC"}
{"level":"info","message":"Found 533 USDT perpetual futures symbols","service":"binance-trader","timestamp":"2026-03-09 02:27:20 UTC"}
{"level":"info","message":"Scan progress: 50/533","service":"binance-trader","timestamp":"2026-03-09 02:27:20 UTC"}
{"level":"info","message":"Scan progress: 100/533","service":"binance-trader","timestamp":"2026-03-09 02:27:20 UTC"}
{"level":"info","message":"Scan progress: 150/533","service":"binance-trader","timestamp":"2026-03-09 02:27:21 UTC"}
{"level":"info","message":"Scan progress: 200/533","service":"binance-trader","timestamp":"2026-03-09 02:27:21 UTC"}
{"level":"info","message":"Scan progress: 250/533","service":"binance-trader","timestamp":"2026-03-09 02:27:21 UTC"}
{"level":"info","message":"Scan progress: 300/533","service":"binance-trader","timestamp":"2026-03-09 02:27:22 UTC"}
{"level":"info","message":"Scan progress: 350/533","service":"binance-trader","timestamp":"2026-03-09 02:27:22 UTC"}
{"level":"info","message":"Scan progress: 400/533","service":"binance-trader","timestamp":"2026-03-09 02:27:22 UTC"}
{"level":"info","message":"Scan progress: 450/533","service":"binance-trader","timestamp":"2026-03-09 02:27:23 UTC"}
{"level":"info","message":"Scan progress: 500/533","service":"binance-trader","timestamp":"2026-03-09 02:27:23 UTC"}
{"level":"info","message":"Scan progress: 533/533","service":"binance-trader","timestamp":"2026-03-09 02:27:23 UTC"}
{"level":"info","message":"Symbol scan completed in 3.67s","service":"binance-trader","timestamp":"2026-03-09 02:27:23 UTC","topScore":100,"totalSymbols":533}
{"count":533,"level":"info","message":"Scan results saved to Redis","service":"binance-trader","timestamp":"2026-03-09 02:27:23 UTC"}
{"level":"info","message":"Top opportunities sent to Telegram","service":"binance-trader","timestamp":"2026-03-09 02:27:24 UTC"}
{"level":"info","message":"Starting symbol scan...","service":"binance-trader","timestamp":"2026-03-09 02:32:19 UTC"}
{"level":"info","message":"Found 533 USDT perpetual futures symbols","service":"binance-trader","timestamp":"2026-03-09 02:32:20 UTC"}
{"level":"info","message":"Scan progress: 50/533","service":"binance-trader","timestamp":"2026-03-09 02:32:20 UTC"}
{"level":"info","message":"Scan progress: 100/533","service":"binance-trader","timestamp":"2026-03-09 02:32:20 UTC"}
{"level":"info","message":"Scan progress: 150/533","service":"binance-trader","timestamp":"2026-03-09 02:32:20 UTC"}
{"level":"info","message":"Scan progress: 200/533","service":"binance-trader","timestamp":"2026-03-09 02:32:21 UTC"}
{"level":"info","message":"Scan progress: 250/533","service":"binance-trader","timestamp":"2026-03-09 02:32:21 UTC"}
{"level":"info","message":"Scan progress: 300/533","service":"binance-trader","timestamp":"2026-03-09 02:32:21 UTC"}
{"level":"info","message":"Scan progress: 350/533","service":"binance-trader","timestamp":"2026-03-09 02:32:22 UTC"}
{"level":"info","message":"Scan progress: 400/533","service":"binance-trader","timestamp":"2026-03-09 02:32:22 UTC"}
{"level":"info","message":"Scan progress: 450/533","service":"binance-trader","timestamp":"2026-03-09 02:32:22 UTC"}
{"level":"info","message":"Scan progress: 500/533","service":"binance-trader","timestamp":"2026-03-09 02:32:22 UTC"}
{"level":"info","message":"Scan progress: 533/533","service":"binance-trader","timestamp":"2026-03-09 02:32:23 UTC"}
{"level":"info","message":"Symbol scan completed in 3.27s","service":"binance-trader","timestamp":"2026-03-09 02:32:23 UTC","topScore":100,"totalSymbols":533}
{"count":533,"level":"info","message":"Scan results saved to Redis","service":"binance-trader","timestamp":"2026-03-09 02:32:23 UTC"}
{"level":"info","message":"Top opportunities sent to Telegram","service":"binance-trader","timestamp":"2026-03-09 02:32:23 UTC"}
{"level":"info","message":"Starting symbol scan...","service":"binance-trader","timestamp":"2026-03-09 02:37:19 UTC"}
{"level":"info","message":"Found 533 USDT perpetual futures symbols","service":"binance-trader","timestamp":"2026-03-09 02:37:20 UTC"}
{"level":"info","message":"Scan progress: 50/533","service":"binance-trader","timestamp":"2026-03-09 02:37:20 UTC"}
{"level":"info","message":"Scan progress: 100/533","service":"binance-trader","timestamp":"2026-03-09 02:37:20 UTC"}
{"level":"info","message":"Scan progress: 150/533","service":"binance-trader","timestamp":"2026-03-09 02:37:21 UTC"}
{"level":"info","message":"Scan progress: 200/533","service":"binance-trader","timestamp":"2026-03-09 02:37:21 UTC"}
{"level":"info","message":"Scan progress: 250/533","service":"binance-trader","timestamp":"2026-03-09 02:37:21 UTC"}
{"level":"info","message":"Scan progress: 300/533","service":"binance-trader","timestamp":"2026-03-09 02:37:21 UTC"}
{"level":"info","message":"Scan progress: 350/533","service":"binance-trader","timestamp":"2026-03-09 02:37:22 UTC"}
{"level":"info","message":"Scan progress: 400/533","service":"binance-trader","timestamp":"2026-03-09 02:37:22 UTC"}
{"level":"info","message":"Scan progress: 450/533","service":"binance-trader","timestamp":"2026-03-09 02:37:22 UTC"}
{"level":"info","message":"Scan progress: 500/533","service":"binance-trader","timestamp":"2026-03-09 02:37:23 UTC"}
{"level":"info","message":"Scan progress: 533/533","service":"binance-trader","timestamp":"2026-03-09 02:37:23 UTC"}
{"level":"info","message":"Symbol scan completed in 3.54s","service":"binance-trader","timestamp":"2026-03-09 02:37:23 UTC","topScore":100,"totalSymbols":533}
{"count":533,"level":"info","message":"Scan results saved to Redis","service":"binance-trader","timestamp":"2026-03-09 02:37:23 UTC"}
{"level":"info","message":"Top opportunities sent to Telegram","service":"binance-trader","timestamp":"2026-03-09 02:37:23 UTC"}
{"level":"info","message":"Starting symbol scan...","service":"binance-trader","timestamp":"2026-03-09 02:42:19 UTC"}
{"level":"info","message":"Found 533 USDT perpetual futures symbols","service":"binance-trader","timestamp":"2026-03-09 02:42:20 UTC"}
{"level":"info","message":"Scan progress: 50/533","service":"binance-trader","timestamp":"2026-03-09 02:42:20 UTC"}
{"level":"info","message":"Scan progress: 100/533","service":"binance-trader","timestamp":"2026-03-09 02:42:20 UTC"}
{"level":"info","message":"Scan progress: 150/533","service":"binance-trader","timestamp":"2026-03-09 02:42:20 UTC"}
{"level":"info","message":"Scan progress: 200/533","service":"binance-trader","timestamp":"2026-03-09 02:42:21 UTC"}
{"level":"info","message":"Scan progress: 250/533","service":"binance-trader","timestamp":"2026-03-09 02:42:21 UTC"}
{"level":"info","message":"Scan progress: 300/533","service":"binance-trader","timestamp":"2026-03-09 02:42:21 UTC"}
{"level":"info","message":"Scan progress: 350/533","service":"binance-trader","timestamp":"2026-03-09 02:42:22 UTC"}
{"level":"info","message":"Scan progress: 400/533","service":"binance-trader","timestamp":"2026-03-09 02:42:22 UTC"}
{"level":"info","message":"Scan progress: 450/533","service":"binance-trader","timestamp":"2026-03-09 02:42:22 UTC"}
{"level":"info","message":"Scan progress: 500/533","service":"binance-trader","timestamp":"2026-03-09 02:42:23 UTC"}
{"level":"info","message":"Scan progress: 533/533","service":"binance-trader","timestamp":"2026-03-09 02:42:23 UTC"}
{"level":"info","message":"Symbol scan completed in 3.47s","service":"binance-trader","timestamp":"2026-03-09 02:42:23 UTC","topScore":100,"totalSymbols":533}
{"count":533,"level":"info","message":"Scan results saved to Redis","service":"binance-trader","timestamp":"2026-03-09 02:42:23 UTC"}
{"level":"info","message":"Top opportunities sent to Telegram","service":"binance-trader","timestamp":"2026-03-09 02:42:23 UTC"}
{"level":"info","message":"Starting symbol scan...","service":"binance-trader","timestamp":"2026-03-09 02:47:19 UTC"}
{"level":"info","message":"Found 533 USDT perpetual futures symbols","service":"binance-trader","timestamp":"2026-03-09 02:47:20 UTC"}
{"level":"info","message":"Scan progress: 50/533","service":"binance-trader","timestamp":"2026-03-09 02:47:20 UTC"}
{"level":"info","message":"Scan progress: 100/533","service":"binance-trader","timestamp":"2026-03-09 02:47:20 UTC"}
{"level":"info","message":"Scan progress: 150/533","service":"binance-trader","timestamp":"2026-03-09 02:47:21 UTC"}
{"level":"info","message":"Scan progress: 200/533","service":"binance-trader","timestamp":"2026-03-09 02:47:21 UTC"}
{"level":"info","message":"Scan progress: 250/533","service":"binance-trader","timestamp":"2026-03-09 02:47:21 UTC"}
{"level":"info","message":"Scan progress: 300/533","service":"binance-trader","timestamp":"2026-03-09 02:47:21 UTC"}
{"level":"info","message":"Scan progress: 350/533","service":"binance-trader","timestamp":"2026-03-09 02:47:22 UTC"}
{"level":"info","message":"Scan progress: 400/533","service":"binance-trader","timestamp":"2026-03-09 02:47:22 UTC"}
{"level":"info","message":"Scan progress: 450/533","service":"binance-trader","timestamp":"2026-03-09 02:47:22 UTC"}
{"level":"info","message":"Scan progress: 500/533","service":"binance-trader","timestamp":"2026-03-09 02:47:23 UTC"}
{"level":"info","message":"Scan progress: 533/533","service":"binance-trader","timestamp":"2026-03-09 02:47:23 UTC"}
{"level":"info","message":"Symbol scan completed in 3.62s","service":"binance-trader","timestamp":"2026-03-09 02:47:23 UTC","topScore":100,"totalSymbols":533}
{"count":533,"level":"info","message":"Scan results saved to Redis","service":"binance-trader","timestamp":"2026-03-09 02:47:23 UTC"}
{"level":"info","message":"Top opportunities sent to Telegram","service":"binance-trader","timestamp":"2026-03-09 02:47:24 UTC"}
{"level":"info","message":"Starting symbol scan...","service":"binance-trader","timestamp":"2026-03-09 02:52:19 UTC"}
{"level":"info","message":"Found 533 USDT perpetual futures symbols","service":"binance-trader","timestamp":"2026-03-09 02:52:20 UTC"}
{"level":"info","message":"Scan progress: 50/533","service":"binance-trader","timestamp":"2026-03-09 02:52:20 UTC"}
{"level":"info","message":"Scan progress: 100/533","service":"binance-trader","timestamp":"2026-03-09 02:52:20 UTC"}
{"level":"info","message":"Scan progress: 150/533","service":"binance-trader","timestamp":"2026-03-09 02:52:21 UTC"}
{"level":"info","message":"Scan progress: 200/533","service":"binance-trader","timestamp":"2026-03-09 02:52:21 UTC"}
{"level":"info","message":"Scan progress: 250/533","service":"binance-trader","timestamp":"2026-03-09 02:52:21 UTC"}
{"level":"info","message":"Scan progress: 300/533","service":"binance-trader","timestamp":"2026-03-09 02:52:21 UTC"}
{"level":"info","message":"Scan progress: 350/533","service":"binance-trader","timestamp":"2026-03-09 02:52:22 UTC"}
{"level":"info","message":"Scan progress: 400/533","service":"binance-trader","timestamp":"2026-03-09 02:52:22 UTC"}
{"level":"info","message":"Scan progress: 450/533","service":"binance-trader","timestamp":"2026-03-09 02:52:22 UTC"}
{"level":"info","message":"Scan progress: 500/533","service":"binance-trader","timestamp":"2026-03-09 02:52:23 UTC"}
{"level":"info","message":"Scan progress: 533/533","service":"binance-trader","timestamp":"2026-03-09 02:52:23 UTC"}
{"level":"info","message":"Symbol scan completed in 3.39s","service":"binance-trader","timestamp":"2026-03-09 02:52:23 UTC","topScore":100,"totalSymbols":533}
{"count":533,"level":"info","message":"Scan results saved to Redis","service":"binance-trader","timestamp":"2026-03-09 02:52:23 UTC"}
{"level":"info","message":"Top opportunities sent to Telegram","service":"binance-trader","timestamp":"2026-03-09 02:52:23 UTC"}
{"level":"info","message":"Starting symbol scan...","service":"binance-trader","timestamp":"2026-03-09 02:57:19 UTC"}
{"level":"info","message":"Found 533 USDT perpetual futures symbols","service":"binance-trader","timestamp":"2026-03-09 02:57:20 UTC"}
{"level":"info","message":"Scan progress: 50/533","service":"binance-trader","timestamp":"2026-03-09 02:57:20 UTC"}
{"level":"info","message":"Scan progress: 100/533","service":"binance-trader","timestamp":"2026-03-09 02:57:20 UTC"}
{"level":"info","message":"Scan progress: 150/533","service":"binance-trader","timestamp":"2026-03-09 02:57:21 UTC"}
{"level":"info","message":"Scan progress: 200/533","service":"binance-trader","timestamp":"2026-03-09 02:57:21 UTC"}
{"level":"info","message":"Scan progress: 250/533","service":"binance-trader","timestamp":"2026-03-09 02:57:21 UTC"}
{"level":"info","message":"Scan progress: 300/533","service":"binance-trader","timestamp":"2026-03-09 02:57:22 UTC"}
{"level":"info","message":"Scan progress: 350/533","service":"binance-trader","timestamp":"2026-03-09 02:57:22 UTC"}
{"level":"info","message":"Scan progress: 400/533","service":"binance-trader","timestamp":"2026-03-09 02:57:22 UTC"}
{"level":"info","message":"Scan progress: 450/533","service":"binance-trader","timestamp":"2026-03-09 02:57:23 UTC"}
{"level":"info","message":"Scan progress: 500/533","service":"binance-trader","timestamp":"2026-03-09 02:57:23 UTC"}
{"level":"info","message":"Scan progress: 533/533","service":"binance-trader","timestamp":"2026-03-09 02:57:23 UTC"}
{"level":"info","message":"Symbol scan completed in 3.75s","service":"binance-trader","timestamp":"2026-03-09 02:57:23 UTC","topScore":100,"totalSymbols":533}
{"count":533,"level":"info","message":"Scan results saved to Redis","service":"binance-trader","timestamp":"2026-03-09 02:57:23 UTC"}
{"level":"info","message":"Top opportunities sent to Telegram","service":"binance-trader","timestamp":"2026-03-09 02:57:24 UTC"}
{"level":"info","message":"Starting symbol scan...","service":"binance-trader","timestamp":"2026-03-09 03:02:19 UTC"}
{"level":"info","message":"Found 533 USDT perpetual futures symbols","service":"binance-trader","timestamp":"2026-03-09 03:02:20 UTC"}
{"level":"info","message":"Scan progress: 50/533","service":"binance-trader","timestamp":"2026-03-09 03:02:20 UTC"}
{"level":"info","message":"Scan progress: 100/533","service":"binance-trader","timestamp":"2026-03-09 03:02:20 UTC"}
{"level":"info","message":"Scan progress: 150/533","service":"binance-trader","timestamp":"2026-03-09 03:02:21 UTC"}
{"level":"info","message":"Scan progress: 200/533","service":"binance-trader","timestamp":"2026-03-09 03:02:21 UTC"}
{"level":"info","message":"Scan progress: 250/533","service":"binance-trader","timestamp":"2026-03-09 03:02:21 UTC"}
{"level":"info","message":"Scan progress: 300/533","service":"binance-trader","timestamp":"2026-03-09 03:02:22 UTC"}
{"level":"info","message":"Scan progress: 350/533","service":"binance-trader","timestamp":"2026-03-09 03:02:22 UTC"}
{"level":"info","message":"Scan progress: 400/533","service":"binance-trader","timestamp":"2026-03-09 03:02:22 UTC"}
{"level":"info","message":"Scan progress: 450/533","service":"binance-trader","timestamp":"2026-03-09 03:02:22 UTC"}
{"level":"info","message":"Scan progress: 500/533","service":"binance-trader","timestamp":"2026-03-09 03:02:23 UTC"}
{"level":"info","message":"Scan progress: 533/533","service":"binance-trader","timestamp":"2026-03-09 03:02:23 UTC"}
{"level":"info","message":"Symbol scan completed in 3.52s","service":"binance-trader","timestamp":"2026-03-09 03:02:23 UTC","topScore":100,"totalSymbols":533}
{"count":533,"level":"info","message":"Scan results saved to Redis","service":"binance-trader","timestamp":"2026-03-09 03:02:23 UTC"}
{"level":"info","message":"Top opportunities sent to Telegram","service":"binance-trader","timestamp":"2026-03-09 03:02:23 UTC"}
{"level":"info","message":"Starting symbol scan...","service":"binance-trader","timestamp":"2026-03-09 03:07:19 UTC"}
{"level":"info","message":"Found 533 USDT perpetual futures symbols","service":"binance-trader","timestamp":"2026-03-09 03:07:20 UTC"}
{"level":"info","message":"Scan progress: 50/533","service":"binance-trader","timestamp":"2026-03-09 03:07:20 UTC"}
{"level":"info","message":"Scan progress: 100/533","service":"binance-trader","timestamp":"2026-03-09 03:07:20 UTC"}
{"level":"info","message":"Scan progress: 150/533","service":"binance-trader","timestamp":"2026-03-09 03:07:21 UTC"}
{"level":"info","message":"Scan progress: 200/533","service":"binance-trader","timestamp":"2026-03-09 03:07:21 UTC"}
{"level":"info","message":"Scan progress: 250/533","service":"binance-trader","timestamp":"2026-03-09 03:07:21 UTC"}
{"level":"info","message":"Scan progress: 300/533","service":"binance-trader","timestamp":"2026-03-09 03:07:21 UTC"}
{"level":"info","message":"Scan progress: 350/533","service":"binance-trader","timestamp":"2026-03-09 03:07:22 UTC"}
{"level":"info","message":"Scan progress: 400/533","service":"binance-trader","timestamp":"2026-03-09 03:07:22 UTC"}
{"level":"info","message":"Scan progress: 450/533","service":"binance-trader","timestamp":"2026-03-09 03:07:23 UTC"}
{"level":"info","message":"Scan progress: 500/533","service":"binance-trader","timestamp":"2026-03-09 03:07:23 UTC"}
{"level":"info","message":"Scan progress: 533/533","service":"binance-trader","timestamp":"2026-03-09 03:07:23 UTC"}
{"level":"info","message":"Symbol scan completed in 3.82s","service":"binance-trader","timestamp":"2026-03-09 03:07:23 UTC","topScore":100,"totalSymbols":533}
{"count":533,"level":"info","message":"Scan results saved to Redis","service":"binance-trader","timestamp":"2026-03-09 03:07:23 UTC"}
{"level":"info","message":"Top opportunities sent to Telegram","service":"binance-trader","timestamp":"2026-03-09 03:07:24 UTC"}
{"level":"info","message":"Starting symbol scan...","service":"binance-trader","timestamp":"2026-03-09 03:12:19 UTC"}
{"level":"info","message":"Found 533 USDT perpetual futures symbols","service":"binance-trader","timestamp":"2026-03-09 03:12:20 UTC"}
{"level":"info","message":"Scan progress: 50/533","service":"binance-trader","timestamp":"2026-03-09 03:12:21 UTC"}
{"level":"info","message":"Scan progress: 100/533","service":"binance-trader","timestamp":"2026-03-09 03:12:21 UTC"}
{"level":"info","message":"Scan progress: 150/533","service":"binance-trader","timestamp":"2026-03-09 03:12:22 UTC"}
{"level":"info","message":"Scan progress: 200/533","service":"binance-trader","timestamp":"2026-03-09 03:12:22 UTC"}
{"level":"info","message":"Scan progress: 250/533","service":"binance-trader","timestamp":"2026-03-09 03:12:22 UTC"}
{"level":"info","message":"Scan progress: 300/533","service":"binance-trader","timestamp":"2026-03-09 03:12:22 UTC"}
{"level":"info","message":"Scan progress: 350/533","service":"binance-trader","timestamp":"2026-03-09 03:12:23 UTC"}
{"level":"info","message":"Scan progress: 400/533","service":"binance-trader","timestamp":"2026-03-09 03:12:23 UTC"}
{"level":"info","message":"Scan progress: 450/533","service":"binance-trader","timestamp":"2026-03-09 03:12:24 UTC"}
{"level":"info","message":"Scan progress: 500/533","service":"binance-trader","timestamp":"2026-03-09 03:12:24 UTC"}
{"level":"info","message":"Scan progress: 533/533","service":"binance-trader","timestamp":"2026-03-09 03:12:24 UTC"}
{"level":"info","message":"Symbol scan completed in 4.76s","service":"binance-trader","timestamp":"2026-03-09 03:12:24 UTC","topScore":100,"totalSymbols":533}
{"count":533,"level":"info","message":"Scan results saved to Redis","service":"binance-trader","timestamp":"2026-03-09 03:12:24 UTC"}
{"level":"info","message":"Top opportunities sent to Telegram","service":"binance-trader","timestamp":"2026-03-09 03:12:25 UTC"}
{"level":"info","message":"Starting symbol scan...","service":"binance-trader","timestamp":"2026-03-09 03:17:19 UTC"}
{"level":"info","message":"Found 533 USDT perpetual futures symbols","service":"binance-trader","timestamp":"2026-03-09 03:17:20 UTC"}
{"level":"info","message":"Scan progress: 50/533","service":"binance-trader","timestamp":"2026-03-09 03:17:20 UTC"}
{"level":"info","message":"Scan progress: 100/533","service":"binance-trader","timestamp":"2026-03-09 03:17:20 UTC"}
{"level":"info","message":"Scan progress: 150/533","service":"binance-trader","timestamp":"2026-03-09 03:17:21 UTC"}
{"level":"info","message":"Scan progress: 200/533","service":"binance-trader","timestamp":"2026-03-09 03:17:21 UTC"}
{"level":"info","message":"Scan progress: 250/533","service":"binance-trader","timestamp":"2026-03-09 03:17:21 UTC"}
{"level":"info","message":"Scan progress: 300/533","service":"binance-trader","timestamp":"2026-03-09 03:17:22 UTC"}
{"level":"info","message":"Scan progress: 350/533","service":"binance-trader","timestamp":"2026-03-09 03:17:22 UTC"}
{"level":"info","message":"Scan progress: 400/533","service":"binance-trader","timestamp":"2026-03-09 03:17:22 UTC"}
{"level":"info","message":"Scan progress: 450/533","service":"binance-trader","timestamp":"2026-03-09 03:17:23 UTC"}
{"level":"info","message":"Scan progress: 500/533","service":"binance-trader","timestamp":"2026-03-09 03:17:23 UTC"}
{"level":"info","message":"Scan progress: 533/533","service":"binance-trader","timestamp":"2026-03-09 03:17:23 UTC"}
{"level":"info","message":"Symbol scan completed in 3.71s","service":"binance-trader","timestamp":"2026-03-09 03:17:23 UTC","topScore":100,"totalSymbols":533}
{"count":533,"level":"info","message":"Scan results saved to Redis","service":"binance-trader","timestamp":"2026-03-09 03:17:23 UTC"}
{"level":"info","message":"Top opportunities sent to Telegram","service":"binance-trader","timestamp":"2026-03-09 03:17:24 UTC"}
{"level":"info","message":"Starting symbol scan...","service":"binance-trader","timestamp":"2026-03-09 03:22:19 UTC"}
{"level":"info","message":"Found 533 USDT perpetual futures symbols","service":"binance-trader","timestamp":"2026-03-09 03:22:20 UTC"}
{"level":"info","message":"Scan progress: 50/533","service":"binance-trader","timestamp":"2026-03-09 03:22:21 UTC"}
{"level":"info","message":"Scan progress: 100/533","service":"binance-trader","timestamp":"2026-03-09 03:22:21 UTC"}
{"level":"info","message":"Scan progress: 150/533","service":"binance-trader","timestamp":"2026-03-09 03:22:22 UTC"}
{"level":"info","message":"Scan progress: 200/533","service":"binance-trader","timestamp":"2026-03-09 03:22:22 UTC"}
{"level":"info","message":"Scan progress: 250/533","service":"binance-trader","timestamp":"2026-03-09 03:22:22 UTC"}
{"level":"info","message":"Scan progress: 300/533","service":"binance-trader","timestamp":"2026-03-09 03:22:23 UTC"}
{"level":"info","message":"Scan progress: 350/533","service":"binance-trader","timestamp":"2026-03-09 03:22:23 UTC"}
{"level":"info","message":"Scan progress: 400/533","service":"binance-trader","timestamp":"2026-03-09 03:22:23 UTC"}
{"level":"info","message":"Scan progress: 450/533","service":"binance-trader","timestamp":"2026-03-09 03:22:24 UTC"}
{"level":"info","message":"Scan progress: 500/533","service":"binance-trader","timestamp":"2026-03-09 03:22:24 UTC"}
{"level":"info","message":"Scan progress: 533/533","service":"binance-trader","timestamp":"2026-03-09 03:22:24 UTC"}
{"level":"info","message":"Symbol scan completed in 4.80s","service":"binance-trader","timestamp":"2026-03-09 03:22:24 UTC","topScore":100,"totalSymbols":533}
{"count":533,"level":"info","message":"Scan results saved to Redis","service":"binance-trader","timestamp":"2026-03-09 03:22:24 UTC"}
{"level":"info","message":"Top opportunities sent to Telegram","service":"binance-trader","timestamp":"2026-03-09 03:22:25 UTC"}
{"level":"info","message":"Starting symbol scan...","service":"binance-trader","timestamp":"2026-03-09 03:27:19 UTC"}
{"level":"info","message":"Found 533 USDT perpetual futures symbols","service":"binance-trader","timestamp":"2026-03-09 03:27:20 UTC"}
{"level":"info","message":"Scan progress: 50/533","service":"binance-trader","timestamp":"2026-03-09 03:27:20 UTC"}
{"level":"info","message":"Scan progress: 100/533","service":"binance-trader","timestamp":"2026-03-09 03:27:20 UTC"}
{"level":"info","message":"Scan progress: 150/533","service":"binance-trader","timestamp":"2026-03-09 03:27:21 UTC"}
{"level":"info","message":"Scan progress: 200/533","service":"binance-trader","timestamp":"2026-03-09 03:27:21 UTC"}
{"level":"info","message":"Scan progress: 250/533","service":"binance-trader","timestamp":"2026-03-09 03:27:21 UTC"}
{"level":"info","message":"Scan progress: 300/533","service":"binance-trader","timestamp":"2026-03-09 03:27:22 UTC"}
{"level":"info","message":"Scan progress: 350/533","service":"binance-trader","timestamp":"2026-03-09 03:27:22 UTC"}
{"level":"info","message":"Scan progress: 400/533","service":"binance-trader","timestamp":"2026-03-09 03:27:22 UTC"}
{"level":"info","message":"Scan progress: 450/533","service":"binance-trader","timestamp":"2026-03-09 03:27:23 UTC"}
{"level":"info","message":"Scan progress: 500/533","service":"binance-trader","timestamp":"2026-03-09 03:27:23 UTC"}
{"level":"info","message":"Scan progress: 533/533","service":"binance-trader","timestamp":"2026-03-09 03:27:23 UTC"}
{"level":"info","message":"Symbol scan completed in 3.94s","service":"binance-trader","timestamp":"2026-03-09 03:27:23 UTC","topScore":100,"totalSymbols":533}
{"count":533,"level":"info","message":"Scan results saved to Redis","service":"binance-trader","timestamp":"2026-03-09 03:27:24 UTC"}
{"level":"info","message":"Top opportunities sent to Telegram","service":"binance-trader","timestamp":"2026-03-09 03:27:24 UTC"}
{"level":"info","message":"Starting symbol scan...","service":"binance-trader","timestamp":"2026-03-09 03:32:19 UTC"}
{"level":"info","message":"Found 533 USDT perpetual futures symbols","service":"binance-trader","timestamp":"2026-03-09 03:32:20 UTC"}
{"level":"info","message":"Scan progress: 50/533","service":"binance-trader","timestamp":"2026-03-09 03:32:20 UTC"}
{"level":"info","message":"Scan progress: 100/533","service":"binance-trader","timestamp":"2026-03-09 03:32:20 UTC"}
{"level":"info","message":"Scan progress: 150/533","service":"binance-trader","timestamp":"2026-03-09 03:32:21 UTC"}
{"level":"info","message":"Scan progress: 200/533","service":"binance-trader","timestamp":"2026-03-09 03:32:21 UTC"}
{"level":"info","message":"Scan progress: 250/533","service":"binance-trader","timestamp":"2026-03-09 03:32:21 UTC"}
{"level":"info","message":"Scan progress: 300/533","service":"binance-trader","timestamp":"2026-03-09 03:32:22 UTC"}
{"level":"info","message":"Scan progress: 350/533","service":"binance-trader","timestamp":"2026-03-09 03:32:22 UTC"}
{"level":"info","message":"Scan progress: 400/533","service":"binance-trader","timestamp":"2026-03-09 03:32:22 UTC"}
{"level":"info","message":"Scan progress: 450/533","service":"binance-trader","timestamp":"2026-03-09 03:32:23 UTC"}
{"level":"info","message":"Scan progress: 500/533","service":"binance-trader","timestamp":"2026-03-09 03:32:23 UTC"}
{"level":"info","message":"Scan progress: 533/533","service":"binance-trader","timestamp":"2026-03-09 03:32:23 UTC"}
{"level":"info","message":"Symbol scan completed in 3.69s","service":"binance-trader","timestamp":"2026-03-09 03:32:23 UTC","topScore":100,"totalSymbols":533}
{"count":533,"level":"info","message":"Scan results saved to Redis","service":"binance-trader","timestamp":"2026-03-09 03:32:23 UTC"}
{"level":"info","message":"Top opportunities sent to Telegram","service":"binance-trader","timestamp":"2026-03-09 03:32:24 UTC"}
{"level":"info","message":"Starting symbol scan...","service":"binance-trader","timestamp":"2026-03-09 03:37:19 UTC"}
{"level":"info","message":"Found 533 USDT perpetual futures symbols","service":"binance-trader","timestamp":"2026-03-09 03:37:20 UTC"}
{"level":"info","message":"Scan progress: 50/533","service":"binance-trader","timestamp":"2026-03-09 03:37:20 UTC"}
{"level":"info","message":"Scan progress: 100/533","service":"binance-trader","timestamp":"2026-03-09 03:37:20 UTC"}
{"level":"info","message":"Scan progress: 150/533","service":"binance-trader","timestamp":"2026-03-09 03:37:21 UTC"}
{"level":"info","message":"Scan progress: 200/533","service":"binance-trader","timestamp":"2026-03-09 03:37:21 UTC"}
{"level":"info","message":"Scan progress: 250/533","service":"binance-trader","timestamp":"2026-03-09 03:37:21 UTC"}
{"level":"info","message":"Scan progress: 300/533","service":"binance-trader","timestamp":"2026-03-09 03:37:22 UTC"}
{"level":"info","message":"Scan progress: 350/533","service":"binance-trader","timestamp":"2026-03-09 03:37:22 UTC"}
{"level":"info","message":"Scan progress: 400/533","service":"binance-trader","timestamp":"2026-03-09 03:37:22 UTC"}
{"level":"info","message":"Scan progress: 450/533","service":"binance-trader","timestamp":"2026-03-09 03:37:23 UTC"}
{"level":"info","message":"Scan progress: 500/533","service":"binance-trader","timestamp":"2026-03-09 03:37:23 UTC"}
{"level":"info","message":"Scan progress: 533/533","service":"binance-trader","timestamp":"2026-03-09 03:37:23 UTC"}
{"level":"info","message":"Symbol scan completed in 3.97s","service":"binance-trader","timestamp":"2026-03-09 03:37:23 UTC","topScore":100,"totalSymbols":533}
{"count":533,"level":"info","message":"Scan results saved to Redis","service":"binance-trader","timestamp":"2026-03-09 03:37:24 UTC"}
{"level":"info","message":"Top opportunities sent to Telegram","service":"binance-trader","timestamp":"2026-03-09 03:37:24 UTC"}
{"level":"info","message":"Starting symbol scan...","service":"binance-trader","timestamp":"2026-03-09 03:42:19 UTC"}
{"level":"info","message":"Found 533 USDT perpetual futures symbols","service":"binance-trader","timestamp":"2026-03-09 03:42:20 UTC"}
{"level":"info","message":"Scan progress: 50/533","service":"binance-trader","timestamp":"2026-03-09 03:42:20 UTC"}
{"level":"info","message":"Scan progress: 100/533","service":"binance-trader","timestamp":"2026-03-09 03:42:20 UTC"}
{"level":"info","message":"Scan progress: 150/533","service":"binance-trader","timestamp":"2026-03-09 03:42:21 UTC"}
{"level":"info","message":"Scan progress: 200/533","service":"binance-trader","timestamp":"2026-03-09 03:42:21 UTC"}
{"level":"info","message":"Scan progress: 250/533","service":"binance-trader","timestamp":"2026-03-09 03:42:21 UTC"}
{"level":"info","message":"Scan progress: 300/533","service":"binance-trader","timestamp":"2026-03-09 03:42:21 UTC"}
{"level":"info","message":"Scan progress: 350/533","service":"binance-trader","timestamp":"2026-03-09 03:42:21 UTC"}
{"level":"info","message":"Scan progress: 400/533","service":"binance-trader","timestamp":"2026-03-09 03:42:22 UTC"}
{"level":"info","message":"Scan progress: 450/533","service":"binance-trader","timestamp":"2026-03-09 03:42:22 UTC"}
{"level":"info","message":"Scan progress: 500/533","service":"binance-trader","timestamp":"2026-03-09 03:42:23 UTC"}
{"level":"info","message":"Scan progress: 533/533","service":"binance-trader","timestamp":"2026-03-09 03:42:23 UTC"}
{"level":"info","message":"Symbol scan completed in 3.49s","service":"binance-trader","timestamp":"2026-03-09 03:42:23 UTC","topScore":100,"totalSymbols":533}
{"count":533,"level":"info","message":"Scan results saved to Redis","service":"binance-trader","timestamp":"2026-03-09 03:42:23 UTC"}
{"level":"info","message":"Top opportunities sent to Telegram","service":"binance-trader","timestamp":"2026-03-09 03:42:24 UTC"}
{"level":"info","message":"Starting symbol scan...","service":"binance-trader","timestamp":"2026-03-09 03:47:19 UTC"}
{"level":"info","message":"Found 533 USDT perpetual futures symbols","service":"binance-trader","timestamp":"2026-03-09 03:47:20 UTC"}
{"level":"info","message":"Scan progress: 50/533","service":"binance-trader","timestamp":"2026-03-09 03:47:20 UTC"}
{"level":"info","message":"Scan progress: 100/533","service":"binance-trader","timestamp":"2026-03-09 03:47:20 UTC"}
{"level":"info","message":"Scan progress: 150/533","service":"binance-trader","timestamp":"2026-03-09 03:47:21 UTC"}
{"level":"info","message":"Scan progress: 200/533","service":"binance-trader","timestamp":"2026-03-09 03:47:21 UTC"}
{"level":"info","message":"Scan progress: 250/533","service":"binance-trader","timestamp":"2026-03-09 03:47:21 UTC"}
{"level":"info","message":"Scan progress: 300/533","service":"binance-trader","timestamp":"2026-03-09 03:47:22 UTC"}
{"level":"info","message":"Scan progress: 350/533","service":"binance-trader","timestamp":"2026-03-09 03:47:22 UTC"}
{"level":"info","message":"Scan progress: 400/533","service":"binance-trader","timestamp":"2026-03-09 03:47:22 UTC"}
{"level":"info","message":"Scan progress: 450/533","service":"binance-trader","timestamp":"2026-03-09 03:47:22 UTC"}
{"level":"info","message":"Scan progress: 500/533","service":"binance-trader","timestamp":"2026-03-09 03:47:23 UTC"}
{"level":"info","message":"Scan progress: 533/533","service":"binance-trader","timestamp":"2026-03-09 03:47:23 UTC"}
{"level":"info","message":"Symbol scan completed in 3.69s","service":"binance-trader","timestamp":"2026-03-09 03:47:23 UTC","topScore":100,"totalSymbols":533}
{"count":533,"level":"info","message":"Scan results saved to Redis","service":"binance-trader","timestamp":"2026-03-09 03:47:23 UTC"}
{"level":"info","message":"Top opportunities sent to Telegram","service":"binance-trader","timestamp":"2026-03-09 03:47:24 UTC"}
{"level":"info","message":"Starting symbol scan...","service":"binance-trader","timestamp":"2026-03-09 03:52:19 UTC"}
{"level":"info","message":"Found 533 USDT perpetual futures symbols","service":"binance-trader","timestamp":"2026-03-09 03:52:20 UTC"}
{"level":"info","message":"Scan progress: 50/533","service":"binance-trader","timestamp":"2026-03-09 03:52:20 UTC"}
{"level":"info","message":"Scan progress: 100/533","service":"binance-trader","timestamp":"2026-03-09 03:52:20 UTC"}
{"level":"info","message":"Scan progress: 150/533","service":"binance-trader","timestamp":"2026-03-09 03:52:21 UTC"}
{"level":"info","message":"Scan progress: 200/533","service":"binance-trader","timestamp":"2026-03-09 03:52:21 UTC"}
{"level":"info","message":"Scan progress: 250/533","service":"binance-trader","timestamp":"2026-03-09 03:52:21 UTC"}
{"level":"info","message":"Scan progress: 300/533","service":"binance-trader","timestamp":"2026-03-09 03:52:22 UTC"}
{"level":"info","message":"Scan progress: 350/533","service":"binance-trader","timestamp":"2026-03-09 03:52:22 UTC"}
{"level":"info","message":"Scan progress: 400/533","service":"binance-trader","timestamp":"2026-03-09 03:52:22 UTC"}
{"level":"info","message":"Scan progress: 450/533","service":"binance-trader","timestamp":"2026-03-09 03:52:23 UTC"}
{"level":"info","message":"Scan progress: 500/533","service":"binance-trader","timestamp":"2026-03-09 03:52:23 UTC"}
{"level":"info","message":"Scan progress: 533/533","service":"binance-trader","timestamp":"2026-03-09 03:52:23 UTC"}
{"level":"info","message":"Symbol scan completed in 3.77s","service":"binance-trader","timestamp":"2026-03-09 03:52:23 UTC","topScore":100,"totalSymbols":533}
{"count":533,"level":"info","message":"Scan results saved to Redis","service":"binance-trader","timestamp":"2026-03-09 03:52:23 UTC"}
{"level":"info","message":"Top opportunities sent to Telegram","service":"binance-trader","timestamp":"2026-03-09 03:52:24 UTC"}
{"level":"info","message":"Starting symbol scan...","service":"binance-trader","timestamp":"2026-03-09 03:57:19 UTC"}
{"level":"info","message":"Found 533 USDT perpetual futures symbols","service":"binance-trader","timestamp":"2026-03-09 03:57:20 UTC"}
{"level":"info","message":"Scan progress: 50/533","service":"binance-trader","timestamp":"2026-03-09 03:57:20 UTC"}
{"level":"info","message":"Scan progress: 100/533","service":"binance-trader","timestamp":"2026-03-09 03:57:20 UTC"}
{"level":"info","message":"Scan progress: 150/533","service":"binance-trader","timestamp":"2026-03-09 03:57:21 UTC"}
{"level":"info","message":"Scan progress: 200/533","service":"binance-trader","timestamp":"2026-03-09 03:57:21 UTC"}
{"level":"info","message":"Scan progress: 250/533","service":"binance-trader","timestamp":"2026-03-09 03:57:21 UTC"}
{"level":"info","message":"Scan progress: 300/533","service":"binance-trader","timestamp":"2026-03-09 03:57:21 UTC"}
{"level":"info","message":"Scan progress: 350/533","service":"binance-trader","timestamp":"2026-03-09 03:57:22 UTC"}
{"level":"info","message":"Scan progress: 400/533","service":"binance-trader","timestamp":"2026-03-09 03:57:22 UTC"}
{"level":"info","message":"Scan progress: 450/533","service":"binance-trader","timestamp":"2026-03-09 03:57:23 UTC"}
{"level":"info","message":"Scan progress: 500/533","service":"binance-trader","timestamp":"2026-03-09 03:57:23 UTC"}
{"level":"info","message":"Scan progress: 533/533","service":"binance-trader","timestamp":"2026-03-09 03:57:23 UTC"}
{"level":"info","message":"Symbol scan completed in 3.73s","service":"binance-trader","timestamp":"2026-03-09 03:57:23 UTC","topScore":100,"totalSymbols":533}
{"count":533,"level":"info","message":"Scan results saved to Redis","service":"binance-trader","timestamp":"2026-03-09 03:57:23 UTC"}
{"level":"info","message":"Top opportunities sent to Telegram","service":"binance-trader","timestamp":"2026-03-09 03:57:24 UTC"}
{"level":"info","message":"Starting symbol scan...","service":"binance-trader","timestamp":"2026-03-09 04:02:19 UTC"}
{"level":"info","message":"Found 533 USDT perpetual futures symbols","service":"binance-trader","timestamp":"2026-03-09 04:02:20 UTC"}
{"level":"info","message":"Scan progress: 50/533","service":"binance-trader","timestamp":"2026-03-09 04:02:20 UTC"}
{"level":"info","message":"Scan progress: 100/533","service":"binance-trader","timestamp":"2026-03-09 04:02:20 UTC"}
{"level":"info","message":"Scan progress: 150/533","service":"binance-trader","timestamp":"2026-03-09 04:02:21 UTC"}
{"level":"info","message":"Scan progress: 200/533","service":"binance-trader","timestamp":"2026-03-09 04:02:21 UTC"}
{"level":"info","message":"Scan progress: 250/533","service":"binance-trader","timestamp":"2026-03-09 04:02:21 UTC"}
{"level":"info","message":"Scan progress: 300/533","service":"binance-trader","timestamp":"2026-03-09 04:02:22 UTC"}
{"level":"info","message":"Scan progress: 350/533","service":"binance-trader","timestamp":"2026-03-09 04:02:22 UTC"}
{"level":"info","message":"Scan progress: 400/533","service":"binance-trader","timestamp":"2026-03-09 04:02:22 UTC"}
{"level":"info","message":"Scan progress: 450/533","service":"binance-trader","timestamp":"2026-03-09 04:02:23 UTC"}
{"level":"info","message":"Scan progress: 500/533","service":"binance-trader","timestamp":"2026-03-09 04:02:23 UTC"}
{"level":"info","message":"Scan progress: 533/533","service":"binance-trader","timestamp":"2026-03-09 04:02:24 UTC"}
{"level":"info","message":"Symbol scan completed in 4.15s","service":"binance-trader","timestamp":"2026-03-09 04:02:24 UTC","topScore":100,"totalSymbols":533}
{"count":533,"level":"info","message":"Scan results saved to Redis","service":"binance-trader","timestamp":"2026-03-09 04:02:24 UTC"}
{"level":"info","message":"Top opportunities sent to Telegram","service":"binance-trader","timestamp":"2026-03-09 04:02:24 UTC"}
{"level":"info","message":"Starting symbol scan...","service":"binance-trader","timestamp":"2026-03-09 04:07:19 UTC"}
{"level":"info","message":"Found 533 USDT perpetual futures symbols","service":"binance-trader","timestamp":"2026-03-09 04:07:20 UTC"}
{"level":"info","message":"Scan progress: 50/533","service":"binance-trader","timestamp":"2026-03-09 04:07:20 UTC"}
{"level":"info","message":"Scan progress: 100/533","service":"binance-trader","timestamp":"2026-03-09 04:07:20 UTC"}
{"level":"info","message":"Scan progress: 150/533","service":"binance-trader","timestamp":"2026-03-09 04:07:21 UTC"}
{"level":"info","message":"Scan progress: 200/533","service":"binance-trader","timestamp":"2026-03-09 04:07:21 UTC"}
{"level":"info","message":"Scan progress: 250/533","service":"binance-trader","timestamp":"2026-03-09 04:07:21 UTC"}
{"level":"info","message":"Scan progress: 300/533","service":"binance-trader","timestamp":"2026-03-09 04:07:21 UTC"}
{"level":"info","message":"Scan progress: 350/533","service":"binance-trader","timestamp":"2026-03-09 04:07:22 UTC"}
{"level":"info","message":"Scan progress: 400/533","service":"binance-trader","timestamp":"2026-03-09 04:07:22 UTC"}
{"level":"info","message":"Scan progress: 450/533","service":"binance-trader","timestamp":"2026-03-09 04:07:22 UTC"}
{"level":"info","message":"Scan progress: 500/533","service":"binance-trader","timestamp":"2026-03-09 04:07:23 UTC"}
{"level":"info","message":"Scan progress: 533/533","service":"binance-trader","timestamp":"2026-03-09 04:07:23 UTC"}
{"level":"info","message":"Symbol scan completed in 3.42s","service":"binance-trader","timestamp":"2026-03-09 04:07:23 UTC","topScore":100,"totalSymbols":533}
{"count":533,"level":"info","message":"Scan results saved to Redis","service":"binance-trader","timestamp":"2026-03-09 04:07:23 UTC"}
{"level":"info","message":"Top opportunities sent to Telegram","service":"binance-trader","timestamp":"2026-03-09 04:07:23 UTC"}
{"error":"callback is not a function","level":"error","message":"User data message parse error","service":"binance-trader","timestamp":"2026-03-09 04:09:46 UTC"}
{"error":"callback is not a function","level":"error","message":"User data message parse error","service":"binance-trader","timestamp":"2026-03-09 04:09:46 UTC"}
{"error":"callback is not a function","level":"error","message":"User data message parse error","service":"binance-trader","timestamp":"2026-03-09 04:09:46 UTC"}
{"error":"callback is not a function","level":"error","message":"User data message parse error","service":"binance-trader","timestamp":"2026-03-09 04:09:46 UTC"}
{"level":"info","message":"Starting symbol scan...","service":"binance-trader","timestamp":"2026-03-09 04:12:19 UTC"}
{"level":"info","message":"Found 533 USDT perpetual futures symbols","service":"binance-trader","timestamp":"2026-03-09 04:12:20 UTC"}
{"level":"info","message":"Scan progress: 50/533","service":"binance-trader","timestamp":"2026-03-09 04:12:20 UTC"}
{"level":"info","message":"Scan progress: 100/533","service":"binance-trader","timestamp":"2026-03-09 04:12:20 UTC"}
{"level":"info","message":"Scan progress: 150/533","service":"binance-trader","timestamp":"2026-03-09 04:12:21 UTC"}
{"level":"info","message":"Scan progress: 200/533","service":"binance-trader","timestamp":"2026-03-09 04:12:21 UTC"}
{"level":"info","message":"Scan progress: 250/533","service":"binance-trader","timestamp":"2026-03-09 04:12:21 UTC"}
{"level":"info","message":"Scan progress: 300/533","service":"binance-trader","timestamp":"2026-03-09 04:12:21 UTC"}
{"level":"info","message":"Scan progress: 350/533","service":"binance-trader","timestamp":"2026-03-09 04:12:21 UTC"}
{"level":"info","message":"Scan progress: 400/533","service":"binance-trader","timestamp":"2026-03-09 04:12:22 UTC"}
{"level":"info","message":"Scan progress: 450/533","service":"binance-trader","timestamp":"2026-03-09 04:12:22 UTC"}
{"level":"info","message":"Scan progress: 500/533","service":"binance-trader","timestamp":"2026-03-09 04:12:23 UTC"}
{"level":"info","message":"Scan progress: 533/533","service":"binance-trader","timestamp":"2026-03-09 04:12:23 UTC"}
{"level":"info","message":"Symbol scan completed in 3.62s","service":"binance-trader","timestamp":"2026-03-09 04:12:23 UTC","topScore":100,"totalSymbols":533}
{"count":533,"level":"info","message":"Scan results saved to Redis","service":"binance-trader","timestamp":"2026-03-09 04:12:23 UTC"}
{"level":"info","message":"Top opportunities sent to Telegram","service":"binance-trader","timestamp":"2026-03-09 04:12:24 UTC"}
{"level":"info","message":"Starting symbol scan...","service":"binance-trader","timestamp":"2026-03-09 04:17:19 UTC"}
{"level":"info","message":"Found 533 USDT perpetual futures symbols","service":"binance-trader","timestamp":"2026-03-09 04:17:20 UTC"}
{"level":"info","message":"Scan progress: 50/533","service":"binance-trader","timestamp":"2026-03-09 04:17:20 UTC"}
{"level":"info","message":"Scan progress: 100/533","service":"binance-trader","timestamp":"2026-03-09 04:17:20 UTC"}
{"level":"info","message":"Scan progress: 150/533","service":"binance-trader","timestamp":"2026-03-09 04:17:21 UTC"}
{"level":"info","message":"Scan progress: 200/533","service":"binance-trader","timestamp":"2026-03-09 04:17:21 UTC"}
{"level":"info","message":"Scan progress: 250/533","service":"binance-trader","timestamp":"2026-03-09 04:17:21 UTC"}
{"level":"info","message":"Scan progress: 300/533","service":"binance-trader","timestamp":"2026-03-09 04:17:22 UTC"}
{"level":"info","message":"Scan progress: 350/533","service":"binance-trader","timestamp":"2026-03-09 04:17:22 UTC"}
{"level":"info","message":"Scan progress: 400/533","service":"binance-trader","timestamp":"2026-03-09 04:17:22 UTC"}
{"level":"info","message":"Scan progress: 450/533","service":"binance-trader","timestamp":"2026-03-09 04:17:23 UTC"}
{"level":"info","message":"Scan progress: 500/533","service":"binance-trader","timestamp":"2026-03-09 04:17:23 UTC"}
{"level":"info","message":"Scan progress: 533/533","service":"binance-trader","timestamp":"2026-03-09 04:17:23 UTC"}
{"level":"info","message":"Symbol scan completed in 3.77s","service":"binance-trader","timestamp":"2026-03-09 04:17:23 UTC","topScore":100,"totalSymbols":504}
{"count":504,"level":"info","message":"Scan results saved to Redis","service":"binance-trader","timestamp":"2026-03-09 04:17:23 UTC"}
{"level":"info","message":"Top opportunities sent to Telegram","service":"binance-trader","timestamp":"2026-03-09 04:17:24 UTC"}
{"level":"info","message":"Starting symbol scan...","service":"binance-trader","timestamp":"2026-03-09 04:22:19 UTC"}
{"level":"info","message":"Found 533 USDT perpetual futures symbols","service":"binance-trader","timestamp":"2026-03-09 04:22:20 UTC"}
{"level":"info","message":"Scan progress: 50/533","service":"binance-trader","timestamp":"2026-03-09 04:22:20 UTC"}
{"level":"info","message":"Scan progress: 100/533","service":"binance-trader","timestamp":"2026-03-09 04:22:20 UTC"}
{"level":"info","message":"Scan progress: 150/533","service":"binance-trader","timestamp":"2026-03-09 04:22:21 UTC"}
{"level":"info","message":"Scan progress: 200/533","service":"binance-trader","timestamp":"2026-03-09 04:22:21 UTC"}
{"level":"info","message":"Scan progress: 250/533","service":"binance-trader","timestamp":"2026-03-09 04:22:21 UTC"}
{"level":"info","message":"Scan progress: 300/533","service":"binance-trader","timestamp":"2026-03-09 04:22:22 UTC"}
{"level":"info","message":"Scan progress: 350/533","service":"binance-trader","timestamp":"2026-03-09 04:22:22 UTC"}
{"level":"info","message":"Scan progress: 400/533","service":"binance-trader","timestamp":"2026-03-09 04:22:22 UTC"}
{"level":"info","message":"Scan progress: 450/533","service":"binance-trader","timestamp":"2026-03-09 04:22:23 UTC"}
{"level":"info","message":"Scan progress: 500/533","service":"binance-trader","timestamp":"2026-03-09 04:22:23 UTC"}
{"level":"info","message":"Scan progress: 533/533","service":"binance-trader","timestamp":"2026-03-09 04:22:23 UTC"}
{"level":"info","message":"Symbol scan completed in 3.83s","service":"binance-trader","timestamp":"2026-03-09 04:22:23 UTC","topScore":100,"totalSymbols":514}
{"count":514,"level":"info","message":"Scan results saved to Redis","service":"binance-trader","timestamp":"2026-03-09 04:22:23 UTC"}
{"level":"info","message":"Top opportunities sent to Telegram","service":"binance-trader","timestamp":"2026-03-09 04:22:24 UTC"}
{"level":"info","message":"Starting symbol scan...","service":"binance-trader","timestamp":"2026-03-09 04:27:19 UTC"}
{"level":"info","message":"Found 533 USDT perpetual futures symbols","service":"binance-trader","timestamp":"2026-03-09 04:27:20 UTC"}
{"level":"info","message":"Scan progress: 50/533","service":"binance-trader","timestamp":"2026-03-09 04:27:20 UTC"}
{"level":"info","message":"Scan progress: 100/533","service":"binance-trader","timestamp":"2026-03-09 04:27:20 UTC"}
{"level":"info","message":"Scan progress: 150/533","service":"binance-trader","timestamp":"2026-03-09 04:27:21 UTC"}
{"level":"info","message":"Scan progress: 200/533","service":"binance-trader","timestamp":"2026-03-09 04:27:21 UTC"}
{"level":"info","message":"Scan progress: 250/533","service":"binance-trader","timestamp":"2026-03-09 04:27:21 UTC"}
{"level":"info","message":"Scan progress: 300/533","service":"binance-trader","timestamp":"2026-03-09 04:27:22 UTC"}
{"level":"info","message":"Scan progress: 350/533","service":"binance-trader","timestamp":"2026-03-09 04:27:22 UTC"}
{"level":"info","message":"Scan progress: 400/533","service":"binance-trader","timestamp":"2026-03-09 04:27:22 UTC"}
{"level":"info","message":"Scan progress: 450/533","service":"binance-trader","timestamp":"2026-03-09 04:27:23 UTC"}
{"level":"info","message":"Scan progress: 500/533","service":"binance-trader","timestamp":"2026-03-09 04:27:23 UTC"}
{"level":"info","message":"Scan progress: 533/533","service":"binance-trader","timestamp":"2026-03-09 04:27:24 UTC"}
{"level":"info","message":"Symbol scan completed in 4.06s","service":"binance-trader","timestamp":"2026-03-09 04:27:24 UTC","topScore":100,"totalSymbols":533}
{"count":533,"level":"info","message":"Scan results saved to Redis","service":"binance-trader","timestamp":"2026-03-09 04:27:24 UTC"}
{"level":"info","message":"Top opportunities sent to Telegram","service":"binance-trader","timestamp":"2026-03-09 04:27:24 UTC"}
{"error":"callback is not a function","level":"error","message":"User data message parse error","service":"binance-trader","timestamp":"2026-03-09 04:31:33 UTC"}
{"level":"info","message":"Starting symbol scan...","service":"binance-trader","timestamp":"2026-03-09 04:32:19 UTC"}
{"level":"info","message":"Found 533 USDT perpetual futures symbols","service":"binance-trader","timestamp":"2026-03-09 04:32:20 UTC"}
{"level":"info","message":"Scan progress: 50/533","service":"binance-trader","timestamp":"2026-03-09 04:32:20 UTC"}
{"level":"info","message":"Scan progress: 100/533","service":"binance-trader","timestamp":"2026-03-09 04:32:20 UTC"}
{"level":"info","message":"Scan progress: 150/533","service":"binance-trader","timestamp":"2026-03-09 04:32:21 UTC"}
{"level":"info","message":"Scan progress: 200/533","service":"binance-trader","timestamp":"2026-03-09 04:32:21 UTC"}
{"level":"info","message":"Scan progress: 250/533","service":"binance-trader","timestamp":"2026-03-09 04:32:21 UTC"}
{"level":"info","message":"Scan progress: 300/533","service":"binance-trader","timestamp":"2026-03-09 04:32:22 UTC"}
{"level":"info","message":"Scan progress: 350/533","service":"binance-trader","timestamp":"2026-03-09 04:32:22 UTC"}
{"level":"info","message":"Scan progress: 400/533","service":"binance-trader","timestamp":"2026-03-09 04:32:22 UTC"}
{"level":"info","message":"Scan progress: 450/533","service":"binance-trader","timestamp":"2026-03-09 04:32:23 UTC"}
{"level":"info","message":"Scan progress: 500/533","service":"binance-trader","timestamp":"2026-03-09 04:32:23 UTC"}
{"level":"info","message":"Scan progress: 533/533","service":"binance-trader","timestamp":"2026-03-09 04:32:24 UTC"}
{"level":"info","message":"Symbol scan completed in 4.11s","service":"binance-trader","timestamp":"2026-03-09 04:32:24 UTC","topScore":100,"totalSymbols":533}
{"count":533,"level":"info","message":"Scan results saved to Redis","service":"binance-trader","timestamp":"2026-03-09 04:32:24 UTC"}
{"level":"info","message":"Top opportunities sent to Telegram","service":"binance-trader","timestamp":"2026-03-09 04:32:24 UTC"}
{"level":"info","message":"Starting symbol scan...","service":"binance-trader","timestamp":"2026-03-09 04:37:19 UTC"}
{"level":"info","message":"Found 533 USDT perpetual futures symbols","service":"binance-trader","timestamp":"2026-03-09 04:37:20 UTC"}
{"level":"info","message":"Scan progress: 50/533","service":"binance-trader","timestamp":"2026-03-09 04:37:20 UTC"}
{"level":"info","message":"Scan progress: 100/533","service":"binance-trader","timestamp":"2026-03-09 04:37:20 UTC"}
{"level":"info","message":"Scan progress: 150/533","service":"binance-trader","timestamp":"2026-03-09 04:37:21 UTC"}
{"level":"info","message":"Scan progress: 200/533","service":"binance-trader","timestamp":"2026-03-09 04:37:21 UTC"}
{"level":"info","message":"Scan progress: 250/533","service":"binance-trader","timestamp":"2026-03-09 04:37:21 UTC"}
{"level":"info","message":"Scan progress: 300/533","service":"binance-trader","timestamp":"2026-03-09 04:37:22 UTC"}
{"level":"info","message":"Scan progress: 350/533","service":"binance-trader","timestamp":"2026-03-09 04:37:22 UTC"}
{"level":"info","message":"Scan progress: 400/533","service":"binance-trader","timestamp":"2026-03-09 04:37:22 UTC"}
{"level":"info","message":"Scan progress: 450/533","service":"binance-trader","timestamp":"2026-03-09 04:37:23 UTC"}
{"level":"info","message":"Scan progress: 500/533","service":"binance-trader","timestamp":"2026-03-09 04:37:23 UTC"}
{"level":"info","message":"Scan progress: 533/533","service":"binance-trader","timestamp":"2026-03-09 04:37:24 UTC"}
{"level":"info","message":"Symbol scan completed in 4.04s","service":"binance-trader","timestamp":"2026-03-09 04:37:24 UTC","topScore":100,"totalSymbols":533}
{"count":533,"level":"info","message":"Scan results saved to Redis","service":"binance-trader","timestamp":"2026-03-09 04:37:24 UTC"}
{"level":"info","message":"Top opportunities sent to Telegram","service":"binance-trader","timestamp":"2026-03-09 04:37:24 UTC"}
{"level":"info","message":"Starting symbol scan...","service":"binance-trader","timestamp":"2026-03-09 04:42:19 UTC"}
{"level":"info","message":"Found 533 USDT perpetual futures symbols","service":"binance-trader","timestamp":"2026-03-09 04:42:20 UTC"}
{"level":"info","message":"Scan progress: 50/533","service":"binance-trader","timestamp":"2026-03-09 04:42:20 UTC"}
{"level":"info","message":"Scan progress: 100/533","service":"binance-trader","timestamp":"2026-03-09 04:42:20 UTC"}
{"level":"info","message":"Scan progress: 150/533","service":"binance-trader","timestamp":"2026-03-09 04:42:21 UTC"}
{"level":"info","message":"Scan progress: 200/533","service":"binance-trader","timestamp":"2026-03-09 04:42:21 UTC"}
{"level":"info","message":"Scan progress: 250/533","service":"binance-trader","timestamp":"2026-03-09 04:42:21 UTC"}
{"level":"info","message":"Scan progress: 300/533","service":"binance-trader","timestamp":"2026-03-09 04:42:22 UTC"}
{"level":"info","message":"Scan progress: 350/533","service":"binance-trader","timestamp":"2026-03-09 04:42:22 UTC"}
{"level":"info","message":"Scan progress: 400/533","service":"binance-trader","timestamp":"2026-03-09 04:42:22 UTC"}
{"level":"info","message":"Scan progress: 450/533","service":"binance-trader","timestamp":"2026-03-09 04:42:23 UTC"}
{"level":"info","message":"Scan progress: 500/533","service":"binance-trader","timestamp":"2026-03-09 04:42:23 UTC"}
{"level":"info","message":"Scan progress: 533/533","service":"binance-trader","timestamp":"2026-03-09 04:42:23 UTC"}
{"level":"info","message":"Symbol scan completed in 3.98s","service":"binance-trader","timestamp":"2026-03-09 04:42:23 UTC","topScore":100,"totalSymbols":533}
{"count":533,"level":"info","message":"Scan results saved to Redis","service":"binance-trader","timestamp":"2026-03-09 04:42:24 UTC"}
{"level":"info","message":"Top opportunities sent to Telegram","service":"binance-trader","timestamp":"2026-03-09 04:42:24 UTC"}
{"level":"info","message":"Starting symbol scan...","service":"binance-trader","timestamp":"2026-03-09 04:47:19 UTC"}
{"level":"info","message":"Found 533 USDT perpetual futures symbols","service":"binance-trader","timestamp":"2026-03-09 04:47:20 UTC"}
{"level":"info","message":"Scan progress: 50/533","service":"binance-trader","timestamp":"2026-03-09 04:47:20 UTC"}
{"level":"info","message":"Scan progress: 100/533","service":"binance-trader","timestamp":"2026-03-09 04:47:20 UTC"}
{"level":"info","message":"Scan progress: 150/533","service":"binance-trader","timestamp":"2026-03-09 04:47:21 UTC"}
{"level":"info","message":"Scan progress: 200/533","service":"binance-trader","timestamp":"2026-03-09 04:47:21 UTC"}
{"level":"info","message":"Scan progress: 250/533","service":"binance-trader","timestamp":"2026-03-09 04:47:21 UTC"}
{"level":"info","message":"Scan progress: 300/533","service":"binance-trader","timestamp":"2026-03-09 04:47:22 UTC"}
{"level":"info","message":"Scan progress: 350/533","service":"binance-trader","timestamp":"2026-03-09 04:47:22 UTC"}
{"level":"info","message":"Scan progress: 400/533","service":"binance-trader","timestamp":"2026-03-09 04:47:22 UTC"}
{"level":"info","message":"Scan progress: 450/533","service":"binance-trader","timestamp":"2026-03-09 04:47:23 UTC"}
{"level":"info","message":"Scan progress: 500/533","service":"binance-trader","timestamp":"2026-03-09 04:47:23 UTC"}
{"level":"info","message":"Scan progress: 533/533","service":"binance-trader","timestamp":"2026-03-09 04:47:24 UTC"}
{"level":"info","message":"Symbol scan completed in 4.01s","service":"binance-trader","timestamp":"2026-03-09 04:47:24 UTC","topScore":100,"totalSymbols":533}
{"count":533,"level":"info","message":"Scan results saved to Redis","service":"binance-trader","timestamp":"2026-03-09 04:47:24 UTC"}
{"level":"info","message":"Top opportunities sent to Telegram","service":"binance-trader","timestamp":"2026-03-09 04:47:24 UTC"}
{"level":"info","message":"Starting symbol scan...","service":"binance-trader","timestamp":"2026-03-09 04:52:19 UTC"}
{"level":"info","message":"Found 533 USDT perpetual futures symbols","service":"binance-trader","timestamp":"2026-03-09 04:52:20 UTC"}
{"level":"info","message":"Scan progress: 50/533","service":"binance-trader","timestamp":"2026-03-09 04:52:20 UTC"}
{"level":"info","message":"Scan progress: 100/533","service":"binance-trader","timestamp":"2026-03-09 04:52:20 UTC"}
{"level":"info","message":"Scan progress: 150/533","service":"binance-trader","timestamp":"2026-03-09 04:52:21 UTC"}
{"level":"info","message":"Scan progress: 200/533","service":"binance-trader","timestamp":"2026-03-09 04:52:21 UTC"}
{"level":"info","message":"Scan progress: 250/533","service":"binance-trader","timestamp":"2026-03-09 04:52:21 UTC"}
{"level":"info","message":"Scan progress: 300/533","service":"binance-trader","timestamp":"2026-03-09 04:52:22 UTC"}
{"level":"info","message":"Scan progress: 350/533","service":"binance-trader","timestamp":"2026-03-09 04:52:22 UTC"}
{"level":"info","message":"Scan progress: 400/533","service":"binance-trader","timestamp":"2026-03-09 04:52:22 UTC"}
{"level":"info","message":"Scan progress: 450/533","service":"binance-trader","timestamp":"2026-03-09 04:52:23 UTC"}
{"level":"info","message":"Scan progress: 500/533","service":"binance-trader","timestamp":"2026-03-09 04:52:23 UTC"}
{"level":"info","message":"Scan progress: 533/533","service":"binance-trader","timestamp":"2026-03-09 04:52:24 UTC"}
{"level":"info","message":"Symbol scan completed in 4.13s","service":"binance-trader","timestamp":"2026-03-09 04:52:24 UTC","topScore":100,"totalSymbols":533}
{"count":533,"level":"info","message":"Scan results saved to Redis","service":"binance-trader","timestamp":"2026-03-09 04:52:24 UTC"}
{"level":"info","message":"Top opportunities sent to Telegram","service":"binance-trader","timestamp":"2026-03-09 04:52:24 UTC"}
{"level":"info","message":"Starting symbol scan...","service":"binance-trader","timestamp":"2026-03-09 04:57:19 UTC"}
{"level":"info","message":"Found 533 USDT perpetual futures symbols","service":"binance-trader","timestamp":"2026-03-09 04:57:20 UTC"}
{"level":"info","message":"Scan progress: 50/533","service":"binance-trader","timestamp":"2026-03-09 04:57:20 UTC"}
{"level":"info","message":"Scan progress: 100/533","service":"binance-trader","timestamp":"2026-03-09 04:57:20 UTC"}
{"level":"info","message":"Scan progress: 150/533","service":"binance-trader","timestamp":"2026-03-09 04:57:21 UTC"}
{"level":"info","message":"Scan progress: 200/533","service":"binance-trader","timestamp":"2026-03-09 04:57:21 UTC"}
{"level":"info","message":"Scan progress: 250/533","service":"binance-trader","timestamp":"2026-03-09 04:57:21 UTC"}
{"level":"info","message":"Scan progress: 300/533","service":"binance-trader","timestamp":"2026-03-09 04:57:22 UTC"}
{"level":"info","message":"Scan progress: 350/533","service":"binance-trader","timestamp":"2026-03-09 04:57:22 UTC"}
{"level":"info","message":"Scan progress: 400/533","service":"binance-trader","timestamp":"2026-03-09 04:57:22 UTC"}
{"level":"info","message":"Scan progress: 450/533","service":"binance-trader","timestamp":"2026-03-09 04:57:23 UTC"}
{"level":"info","message":"Scan progress: 500/533","service":"binance-trader","timestamp":"2026-03-09 04:57:23 UTC"}
{"level":"info","message":"Scan progress: 533/533","service":"binance-trader","timestamp":"2026-03-09 04:57:23 UTC"}
{"level":"info","message":"Symbol scan completed in 3.80s","service":"binance-trader","timestamp":"2026-03-09 04:57:23 UTC","topScore":100,"totalSymbols":533}
{"count":533,"level":"info","message":"Scan results saved to Redis","service":"binance-trader","timestamp":"2026-03-09 04:57:23 UTC"}
{"level":"info","message":"Top opportunities sent to Telegram","service":"binance-trader","timestamp":"2026-03-09 04:57:24 UTC"}
{"level":"info","message":"Starting symbol scan...","service":"binance-trader","timestamp":"2026-03-09 05:02:19 UTC"}
{"level":"info","message":"Found 533 USDT perpetual futures symbols","service":"binance-trader","timestamp":"2026-03-09 05:02:20 UTC"}
{"level":"info","message":"Scan progress: 50/533","service":"binance-trader","timestamp":"2026-03-09 05:02:20 UTC"}
{"level":"info","message":"Scan progress: 100/533","service":"binance-trader","timestamp":"2026-03-09 05:02:20 UTC"}
{"level":"info","message":"Scan progress: 150/533","service":"binance-trader","timestamp":"2026-03-09 05:02:21 UTC"}
{"level":"info","message":"Scan progress: 200/533","service":"binance-trader","timestamp":"2026-03-09 05:02:21 UTC"}
{"level":"info","message":"Scan progress: 250/533","service":"binance-trader","timestamp":"2026-03-09 05:02:21 UTC"}
{"level":"info","message":"Scan progress: 300/533","service":"binance-trader","timestamp":"2026-03-09 05:02:22 UTC"}
{"level":"info","message":"Scan progress: 350/533","service":"binance-trader","timestamp":"2026-03-09 05:02:22 UTC"}
{"level":"info","message":"Scan progress: 400/533","service":"binance-trader","timestamp":"2026-03-09 05:02:22 UTC"}
{"level":"info","message":"Scan progress: 450/533","service":"binance-trader","timestamp":"2026-03-09 05:02:23 UTC"}
{"level":"info","message":"Scan progress: 500/533","service":"binance-trader","timestamp":"2026-03-09 05:02:23 UTC"}
{"level":"info","message":"Scan progress: 533/533","service":"binance-trader","timestamp":"2026-03-09 05:02:24 UTC"}
{"level":"info","message":"Symbol scan completed in 4.22s","service":"binance-trader","timestamp":"2026-03-09 05:02:24 UTC","topScore":100,"totalSymbols":533}
{"count":533,"level":"info","message":"Scan results saved to Redis","service":"binance-trader","timestamp":"2026-03-09 05:02:24 UTC"}
{"level":"info","message":"Top opportunities sent to Telegram","service":"binance-trader","timestamp":"2026-03-09 05:02:24 UTC"}
{"level":"info","message":"Starting symbol scan...","service":"binance-trader","timestamp":"2026-03-09 05:07:19 UTC"}
{"level":"info","message":"Found 533 USDT perpetual futures symbols","service":"binance-trader","timestamp":"2026-03-09 05:07:20 UTC"}
{"level":"info","message":"Scan progress: 50/533","service":"binance-trader","timestamp":"2026-03-09 05:07:20 UTC"}
{"level":"info","message":"Scan progress: 100/533","service":"binance-trader","timestamp":"2026-03-09 05:07:20 UTC"}
{"level":"info","message":"Scan progress: 150/533","service":"binance-trader","timestamp":"2026-03-09 05:07:21 UTC"}
{"level":"info","message":"Scan progress: 200/533","service":"binance-trader","timestamp":"2026-03-09 05:07:21 UTC"}
{"level":"info","message":"Scan progress: 250/533","service":"binance-trader","timestamp":"2026-03-09 05:07:21 UTC"}
{"level":"info","message":"Scan progress: 300/533","service":"binance-trader","timestamp":"2026-03-09 05:07:21 UTC"}
{"level":"info","message":"Scan progress: 350/533","service":"binance-trader","timestamp":"2026-03-09 05:07:22 UTC"}
{"level":"info","message":"Scan progress: 400/533","service":"binance-trader","timestamp":"2026-03-09 05:07:22 UTC"}
{"level":"info","message":"Scan progress: 450/533","service":"binance-trader","timestamp":"2026-03-09 05:07:23 UTC"}
{"level":"info","message":"Scan progress: 500/533","service":"binance-trader","timestamp":"2026-03-09 05:07:23 UTC"}
{"level":"info","message":"Scan progress: 533/533","service":"binance-trader","timestamp":"2026-03-09 05:07:23 UTC"}
{"level":"info","message":"Symbol scan completed in 3.85s","service":"binance-trader","timestamp":"2026-03-09 05:07:23 UTC","topScore":100,"totalSymbols":533}
{"count":533,"level":"info","message":"Scan results saved to Redis","service":"binance-trader","timestamp":"2026-03-09 05:07:23 UTC"}
{"level":"info","message":"Top opportunities sent to Telegram","service":"binance-trader","timestamp":"2026-03-09 05:07:24 UTC"}
{"level":"info","message":"Starting symbol scan...","service":"binance-trader","timestamp":"2026-03-09 05:12:19 UTC"}
{"level":"info","message":"Found 533 USDT perpetual futures symbols","service":"binance-trader","timestamp":"2026-03-09 05:12:20 UTC"}
{"level":"info","message":"Scan progress: 50/533","service":"binance-trader","timestamp":"2026-03-09 05:12:20 UTC"}
{"level":"info","message":"Scan progress: 100/533","service":"binance-trader","timestamp":"2026-03-09 05:12:20 UTC"}
{"level":"info","message":"Scan progress: 150/533","service":"binance-trader","timestamp":"2026-03-09 05:12:21 UTC"}
{"level":"info","message":"Scan progress: 200/533","service":"binance-trader","timestamp":"2026-03-09 05:12:21 UTC"}
{"level":"info","message":"Scan progress: 250/533","service":"binance-trader","timestamp":"2026-03-09 05:12:21 UTC"}
{"level":"info","message":"Scan progress: 300/533","service":"binance-trader","timestamp":"2026-03-09 05:12:21 UTC"}
{"level":"info","message":"Scan progress: 350/533","service":"binance-trader","timestamp":"2026-03-09 05:12:22 UTC"}
{"level":"info","message":"Scan progress: 400/533","service":"binance-trader","timestamp":"2026-03-09 05:12:22 UTC"}
{"level":"info","message":"Scan progress: 450/533","service":"binance-trader","timestamp":"2026-03-09 05:12:22 UTC"}
{"level":"info","message":"Scan progress: 500/533","service":"binance-trader","timestamp":"2026-03-09 05:12:22 UTC"}
{"level":"info","message":"Scan progress: 533/533","service":"binance-trader","timestamp":"2026-03-09 05:12:23 UTC"}
{"level":"info","message":"Symbol scan completed in 3.30s","service":"binance-trader","timestamp":"2026-03-09 05:12:23 UTC","topScore":100,"totalSymbols":533}
{"count":533,"level":"info","message":"Scan results saved to Redis","service":"binance-trader","timestamp":"2026-03-09 05:12:23 UTC"}
{"level":"info","message":"Top opportunities sent to Telegram","service":"binance-trader","timestamp":"2026-03-09 05:12:23 UTC"}
{"level":"info","message":"Starting symbol scan...","service":"binance-trader","timestamp":"2026-03-09 05:17:19 UTC"}
{"level":"info","message":"Found 533 USDT perpetual futures symbols","service":"binance-trader","timestamp":"2026-03-09 05:17:20 UTC"}
{"level":"info","message":"Scan progress: 50/533","service":"binance-trader","timestamp":"2026-03-09 05:17:20 UTC"}
{"level":"info","message":"Scan progress: 100/533","service":"binance-trader","timestamp":"2026-03-09 05:17:20 UTC"}
{"level":"info","message":"Scan progress: 150/533","service":"binance-trader","timestamp":"2026-03-09 05:17:21 UTC"}
{"level":"info","message":"Scan progress: 200/533","service":"binance-trader","timestamp":"2026-03-09 05:17:21 UTC"}
{"level":"info","message":"Scan progress: 250/533","service":"binance-trader","timestamp":"2026-03-09 05:17:21 UTC"}
{"level":"info","message":"Scan progress: 300/533","service":"binance-trader","timestamp":"2026-03-09 05:17:22 UTC"}
{"level":"info","message":"Scan progress: 350/533","service":"binance-trader","timestamp":"2026-03-09 05:17:22 UTC"}
{"level":"info","message":"Scan progress: 400/533","service":"binance-trader","timestamp":"2026-03-09 05:17:22 UTC"}
{"level":"info","message":"Scan progress: 450/533","service":"binance-trader","timestamp":"2026-03-09 05:17:23 UTC"}
{"level":"info","message":"Scan progress: 500/533","service":"binance-trader","timestamp":"2026-03-09 05:17:23 UTC"}
{"level":"info","message":"Scan progress: 533/533","service":"binance-trader","timestamp":"2026-03-09 05:17:23 UTC"}
{"level":"info","message":"Symbol scan completed in 3.67s","service":"binance-trader","timestamp":"2026-03-09 05:17:23 UTC","topScore":100,"totalSymbols":533}
{"count":533,"level":"info","message":"Scan results saved to Redis","service":"binance-trader","timestamp":"2026-03-09 05:17:23 UTC"}
{"level":"info","message":"Top opportunities sent to Telegram","service":"binance-trader","timestamp":"2026-03-09 05:17:24 UTC"}
{"level":"info","message":"Starting symbol scan...","service":"binance-trader","timestamp":"2026-03-09 05:22:19 UTC"}
{"level":"info","message":"Found 533 USDT perpetual futures symbols","service":"binance-trader","timestamp":"2026-03-09 05:22:20 UTC"}
{"level":"info","message":"Scan progress: 50/533","service":"binance-trader","timestamp":"2026-03-09 05:22:20 UTC"}
{"level":"info","message":"Scan progress: 100/533","service":"binance-trader","timestamp":"2026-03-09 05:22:20 UTC"}
{"level":"info","message":"Scan progress: 150/533","service":"binance-trader","timestamp":"2026-03-09 05:22:21 UTC"}
{"level":"info","message":"Scan progress: 200/533","service":"binance-trader","timestamp":"2026-03-09 05:22:21 UTC"}
{"level":"info","message":"Scan progress: 250/533","service":"binance-trader","timestamp":"2026-03-09 05:22:21 UTC"}
{"level":"info","message":"Scan progress: 300/533","service":"binance-trader","timestamp":"2026-03-09 05:22:22 UTC"}
{"level":"info","message":"Scan progress: 350/533","service":"binance-trader","timestamp":"2026-03-09 05:22:22 UTC"}
{"level":"info","message":"Scan progress: 400/533","service":"binance-trader","timestamp":"2026-03-09 05:22:22 UTC"}
{"level":"info","message":"Scan progress: 450/533","service":"binance-trader","timestamp":"2026-03-09 05:22:23 UTC"}
{"level":"info","message":"Scan progress: 500/533","service":"binance-trader","timestamp":"2026-03-09 05:22:23 UTC"}
{"level":"info","message":"Scan progress: 533/533","service":"binance-trader","timestamp":"2026-03-09 05:22:23 UTC"}
{"level":"info","message":"Symbol scan completed in 3.81s","service":"binance-trader","timestamp":"2026-03-09 05:22:23 UTC","topScore":100,"totalSymbols":533}
{"count":533,"level":"info","message":"Scan results saved to Redis","service":"binance-trader","timestamp":"2026-03-09 05:22:23 UTC"}
{"level":"info","message":"Top opportunities sent to Telegram","service":"binance-trader","timestamp":"2026-03-09 05:22:24 UTC"}
{"level":"info","message":"Starting symbol scan...","service":"binance-trader","timestamp":"2026-03-09 05:27:19 UTC"}
{"level":"info","message":"Found 533 USDT perpetual futures symbols","service":"binance-trader","timestamp":"2026-03-09 05:27:20 UTC"}
{"level":"info","message":"Scan progress: 50/533","service":"binance-trader","timestamp":"2026-03-09 05:27:20 UTC"}
{"level":"info","message":"Scan progress: 100/533","service":"binance-trader","timestamp":"2026-03-09 05:27:20 UTC"}
{"level":"info","message":"Scan progress: 150/533","service":"binance-trader","timestamp":"2026-03-09 05:27:21 UTC"}
{"level":"info","message":"Scan progress: 200/533","service":"binance-trader","timestamp":"2026-03-09 05:27:21 UTC"}
{"level":"info","message":"Scan progress: 250/533","service":"binance-trader","timestamp":"2026-03-09 05:27:21 UTC"}
{"level":"info","message":"Scan progress: 300/533","service":"binance-trader","timestamp":"2026-03-09 05:27:22 UTC"}
{"level":"info","message":"Scan progress: 350/533","service":"binance-trader","timestamp":"2026-03-09 05:27:22 UTC"}
{"level":"info","message":"Scan progress: 400/533","service":"binance-trader","timestamp":"2026-03-09 05:27:22 UTC"}
{"level":"info","message":"Scan progress: 450/533","service":"binance-trader","timestamp":"2026-03-09 05:27:23 UTC"}
{"level":"info","message":"Scan progress: 500/533","service":"binance-trader","timestamp":"2026-03-09 05:27:23 UTC"}
{"level":"info","message":"Scan progress: 533/533","service":"binance-trader","timestamp":"2026-03-09 05:27:24 UTC"}
{"level":"info","message":"Symbol scan completed in 4.09s","service":"binance-trader","timestamp":"2026-03-09 05:27:24 UTC","topScore":100,"totalSymbols":533}
{"count":533,"level":"info","message":"Scan results saved to Redis","service":"binance-trader","timestamp":"2026-03-09 05:27:24 UTC"}
{"level":"info","message":"Top opportunities sent to Telegram","service":"binance-trader","timestamp":"2026-03-09 05:27:24 UTC"}
{"level":"info","message":"Starting symbol scan...","service":"binance-trader","timestamp":"2026-03-09 05:32:19 UTC"}
{"level":"info","message":"Found 533 USDT perpetual futures symbols","service":"binance-trader","timestamp":"2026-03-09 05:32:20 UTC"}
{"level":"info","message":"Scan progress: 50/533","service":"binance-trader","timestamp":"2026-03-09 05:32:20 UTC"}
{"level":"info","message":"Scan progress: 100/533","service":"binance-trader","timestamp":"2026-03-09 05:32:20 UTC"}
{"level":"info","message":"Scan progress: 150/533","service":"binance-trader","timestamp":"2026-03-09 05:32:20 UTC"}
{"level":"info","message":"Scan progress: 200/533","service":"binance-trader","timestamp":"2026-03-09 05:32:21 UTC"}
{"level":"info","message":"Scan progress: 250/533","service":"binance-trader","timestamp":"2026-03-09 05:32:21 UTC"}
{"level":"info","message":"Scan progress: 300/533","service":"binance-trader","timestamp":"2026-03-09 05:32:21 UTC"}
{"level":"info","message":"Scan progress: 350/533","service":"binance-trader","timestamp":"2026-03-09 05:32:22 UTC"}
{"level":"info","message":"Scan progress: 400/533","service":"binance-trader","timestamp":"2026-03-09 05:32:22 UTC"}
{"level":"info","message":"Scan progress: 450/533","service":"binance-trader","timestamp":"2026-03-09 05:32:22 UTC"}
{"level":"info","message":"Scan progress: 500/533","service":"binance-trader","timestamp":"2026-03-09 05:32:23 UTC"}
{"level":"info","message":"Scan progress: 533/533","service":"binance-trader","timestamp":"2026-03-09 05:32:23 UTC"}
{"level":"info","message":"Symbol scan completed in 3.65s","service":"binance-trader","timestamp":"2026-03-09 05:32:23 UTC","topScore":100,"totalSymbols":533}
{"count":533,"level":"info","message":"Scan results saved to Redis","service":"binance-trader","timestamp":"2026-03-09 05:32:23 UTC"}
{"level":"info","message":"Top opportunities sent to Telegram","service":"binance-trader","timestamp":"2026-03-09 05:32:24 UTC"}
{"level":"info","message":"Starting symbol scan...","service":"binance-trader","timestamp":"2026-03-09 05:37:19 UTC"}
{"level":"info","message":"Found 533 USDT perpetual futures symbols","service":"binance-trader","timestamp":"2026-03-09 05:37:20 UTC"}
{"level":"info","message":"Scan progress: 50/533","service":"binance-trader","timestamp":"2026-03-09 05:37:20 UTC"}
{"level":"info","message":"Scan progress: 100/533","service":"binance-trader","timestamp":"2026-03-09 05:37:20 UTC"}
{"level":"info","message":"Scan progress: 150/533","service":"binance-trader","timestamp":"2026-03-09 05:37:21 UTC"}
{"level":"info","message":"Scan progress: 200/533","service":"binance-trader","timestamp":"2026-03-09 05:37:21 UTC"}
{"level":"info","message":"Scan progress: 250/533","service":"binance-trader","timestamp":"2026-03-09 05:37:21 UTC"}
{"level":"info","message":"Scan progress: 300/533","service":"binance-trader","timestamp":"2026-03-09 05:37:21 UTC"}
{"level":"info","message":"Scan progress: 350/533","service":"binance-trader","timestamp":"2026-03-09 05:37:22 UTC"}
{"level":"info","message":"Scan progress: 400/533","service":"binance-trader","timestamp":"2026-03-09 05:37:22 UTC"}
{"level":"info","message":"Scan progress: 450/533","service":"binance-trader","timestamp":"2026-03-09 05:37:23 UTC"}
{"level":"info","message":"Scan progress: 500/533","service":"binance-trader","timestamp":"2026-03-09 05:37:23 UTC"}
{"level":"info","message":"Scan progress: 533/533","service":"binance-trader","timestamp":"2026-03-09 05:37:23 UTC"}
{"level":"info","message":"Symbol scan completed in 3.96s","service":"binance-trader","timestamp":"2026-03-09 05:37:23 UTC","topScore":100,"totalSymbols":533}
{"count":533,"level":"info","message":"Scan results saved to Redis","service":"binance-trader","timestamp":"2026-03-09 05:37:24 UTC"}
{"level":"info","message":"Top opportunities sent to Telegram","service":"binance-trader","timestamp":"2026-03-09 05:37:24 UTC"}
{"level":"info","message":"Starting symbol scan...","service":"binance-trader","timestamp":"2026-03-09 05:42:19 UTC"}
{"level":"info","message":"Found 533 USDT perpetual futures symbols","service":"binance-trader","timestamp":"2026-03-09 05:42:20 UTC"}
{"level":"info","message":"Scan progress: 50/533","service":"binance-trader","timestamp":"2026-03-09 05:42:20 UTC"}
{"level":"info","message":"Scan progress: 100/533","service":"binance-trader","timestamp":"2026-03-09 05:42:20 UTC"}
{"level":"info","message":"Scan progress: 150/533","service":"binance-trader","timestamp":"2026-03-09 05:42:21 UTC"}
{"level":"info","message":"Scan progress: 200/533","service":"binance-trader","timestamp":"2026-03-09 05:42:21 UTC"}
{"level":"info","message":"Scan progress: 250/533","service":"binance-trader","timestamp":"2026-03-09 05:42:21 UTC"}
{"level":"info","message":"Scan progress: 300/533","service":"binance-trader","timestamp":"2026-03-09 05:42:22 UTC"}
{"level":"info","message":"Scan progress: 350/533","service":"binance-trader","timestamp":"2026-03-09 05:42:22 UTC"}
{"level":"info","message":"Scan progress: 400/533","service":"binance-trader","timestamp":"2026-03-09 05:42:23 UTC"}
{"level":"info","message":"Scan progress: 450/533","service":"binance-trader","timestamp":"2026-03-09 05:42:23 UTC"}
{"level":"info","message":"Scan progress: 500/533","service":"binance-trader","timestamp":"2026-03-09 05:42:24 UTC"}
{"level":"info","message":"Scan progress: 533/533","service":"binance-trader","timestamp":"2026-03-09 05:42:24 UTC"}
{"level":"info","message":"Symbol scan completed in 4.48s","service":"binance-trader","timestamp":"2026-03-09 05:42:24 UTC","topScore":100,"totalSymbols":533}
{"count":533,"level":"info","message":"Scan results saved to Redis","service":"binance-trader","timestamp":"2026-03-09 05:42:24 UTC"}
{"level":"info","message":"Top opportunities sent to Telegram","service":"binance-trader","timestamp":"2026-03-09 05:42:24 UTC"}
{"level":"info","message":"Starting symbol scan...","service":"binance-trader","timestamp":"2026-03-09 05:47:19 UTC"}
{"level":"info","message":"Found 533 USDT perpetual futures symbols","service":"binance-trader","timestamp":"2026-03-09 05:47:20 UTC"}
{"level":"info","message":"Scan progress: 50/533","service":"binance-trader","timestamp":"2026-03-09 05:47:20 UTC"}
{"level":"info","message":"Scan progress: 100/533","service":"binance-trader","timestamp":"2026-03-09 05:47:20 UTC"}
{"level":"info","message":"Scan progress: 150/533","service":"binance-trader","timestamp":"2026-03-09 05:47:21 UTC"}
{"level":"info","message":"Scan progress: 200/533","service":"binance-trader","timestamp":"2026-03-09 05:47:21 UTC"}
{"level":"info","message":"Scan progress: 250/533","service":"binance-trader","timestamp":"2026-03-09 05:47:21 UTC"}
{"level":"info","message":"Scan progress: 300/533","service":"binance-trader","timestamp":"2026-03-09 05:47:22 UTC"}
{"level":"info","message":"Scan progress: 350/533","service":"binance-trader","timestamp":"2026-03-09 05:47:22 UTC"}
{"level":"info","message":"Scan progress: 400/533","service":"binance-trader","timestamp":"2026-03-09 05:47:23 UTC"}
{"level":"info","message":"Scan progress: 450/533","service":"binance-trader","timestamp":"2026-03-09 05:47:23 UTC"}
{"level":"info","message":"Scan progress: 500/533","service":"binance-trader","timestamp":"2026-03-09 05:47:23 UTC"}
{"level":"info","message":"Scan progress: 533/533","service":"binance-trader","timestamp":"2026-03-09 05:47:24 UTC"}
{"level":"info","message":"Symbol scan completed in 4.20s","service":"binance-trader","timestamp":"2026-03-09 05:47:24 UTC","topScore":100,"totalSymbols":533}
{"count":533,"level":"info","message":"Scan results saved to Redis","service":"binance-trader","timestamp":"2026-03-09 05:47:24 UTC"}
{"level":"info","message":"Top opportunities sent to Telegram","service":"binance-trader","timestamp":"2026-03-09 05:47:24 UTC"}
{"level":"info","message":"Starting symbol scan...","service":"binance-trader","timestamp":"2026-03-09 05:52:19 UTC"}
{"level":"info","message":"Found 533 USDT perpetual futures symbols","service":"binance-trader","timestamp":"2026-03-09 05:52:20 UTC"}
{"level":"info","message":"Scan progress: 50/533","service":"binance-trader","timestamp":"2026-03-09 05:52:20 UTC"}
{"level":"info","message":"Scan progress: 100/533","service":"binance-trader","timestamp":"2026-03-09 05:52:20 UTC"}
{"level":"info","message":"Scan progress: 150/533","service":"binance-trader","timestamp":"2026-03-09 05:52:21 UTC"}
{"level":"info","message":"Scan progress: 200/533","service":"binance-trader","timestamp":"2026-03-09 05:52:21 UTC"}
{"level":"info","message":"Scan progress: 250/533","service":"binance-trader","timestamp":"2026-03-09 05:52:21 UTC"}
{"level":"info","message":"Scan progress: 300/533","service":"binance-trader","timestamp":"2026-03-09 05:52:22 UTC"}
{"level":"info","message":"Scan progress: 350/533","service":"binance-trader","timestamp":"2026-03-09 05:52:22 UTC"}
{"level":"info","message":"Scan progress: 400/533","service":"binance-trader","timestamp":"2026-03-09 05:52:22 UTC"}
{"level":"info","message":"Scan progress: 450/533","service":"binance-trader","timestamp":"2026-03-09 05:52:23 UTC"}
{"level":"info","message":"Scan progress: 500/533","service":"binance-trader","timestamp":"2026-03-09 05:52:23 UTC"}
{"level":"info","message":"Scan progress: 533/533","service":"binance-trader","timestamp":"2026-03-09 05:52:23 UTC"}
{"level":"info","message":"Symbol scan completed in 3.99s","service":"binance-trader","timestamp":"2026-03-09 05:52:23 UTC","topScore":100,"totalSymbols":533}
{"count":533,"level":"info","message":"Scan results saved to Redis","service":"binance-trader","timestamp":"2026-03-09 05:52:24 UTC"}
{"level":"info","message":"Top opportunities sent to Telegram","service":"binance-trader","timestamp":"2026-03-09 05:52:24 UTC"}
{"level":"info","message":"Starting symbol scan...","service":"binance-trader","timestamp":"2026-03-09 05:57:19 UTC"}
{"level":"info","message":"Found 533 USDT perpetual futures symbols","service":"binance-trader","timestamp":"2026-03-09 05:57:20 UTC"}
{"level":"info","message":"Scan progress: 50/533","service":"binance-trader","timestamp":"2026-03-09 05:57:20 UTC"}
{"level":"info","message":"Scan progress: 100/533","service":"binance-trader","timestamp":"2026-03-09 05:57:20 UTC"}
{"level":"info","message":"Scan progress: 150/533","service":"binance-trader","timestamp":"2026-03-09 05:57:21 UTC"}
{"level":"info","message":"Scan progress: 200/533","service":"binance-trader","timestamp":"2026-03-09 05:57:21 UTC"}
{"level":"info","message":"Scan progress: 250/533","service":"binance-trader","timestamp":"2026-03-09 05:57:21 UTC"}
{"level":"info","message":"Scan progress: 300/533","service":"binance-trader","timestamp":"2026-03-09 05:57:22 UTC"}
{"level":"info","message":"Scan progress: 350/533","service":"binance-trader","timestamp":"2026-03-09 05:57:22 UTC"}
{"level":"info","message":"Scan progress: 400/533","service":"binance-trader","timestamp":"2026-03-09 05:57:22 UTC"}
{"level":"info","message":"Scan progress: 450/533","service":"binance-trader","timestamp":"2026-03-09 05:57:23 UTC"}
{"level":"info","message":"Scan progress: 500/533","service":"binance-trader","timestamp":"2026-03-09 05:57:23 UTC"}
{"level":"info","message":"Scan progress: 533/533","service":"binance-trader","timestamp":"2026-03-09 05:57:24 UTC"}
{"level":"info","message":"Symbol scan completed in 4.02s","service":"binance-trader","timestamp":"2026-03-09 05:57:24 UTC","topScore":100,"totalSymbols":533}
{"count":533,"level":"info","message":"Scan results saved to Redis","service":"binance-trader","timestamp":"2026-03-09 05:57:24 UTC"}
{"level":"info","message":"Top opportunities sent to Telegram","service":"binance-trader","timestamp":"2026-03-09 05:57:24 UTC"}
{"level":"info","message":"Starting symbol scan...","service":"binance-trader","timestamp":"2026-03-09 06:02:19 UTC"}
{"level":"info","message":"Found 533 USDT perpetual futures symbols","service":"binance-trader","timestamp":"2026-03-09 06:02:20 UTC"}
{"level":"info","message":"Scan progress: 50/533","service":"binance-trader","timestamp":"2026-03-09 06:02:20 UTC"}
{"level":"info","message":"Scan progress: 100/533","service":"binance-trader","timestamp":"2026-03-09 06:02:20 UTC"}
{"level":"info","message":"Scan progress: 150/533","service":"binance-trader","timestamp":"2026-03-09 06:02:21 UTC"}
{"level":"info","message":"Scan progress: 200/533","service":"binance-trader","timestamp":"2026-03-09 06:02:21 UTC"}
{"level":"info","message":"Scan progress: 250/533","service":"binance-trader","timestamp":"2026-03-09 06:02:21 UTC"}
{"level":"info","message":"Scan progress: 300/533","service":"binance-trader","timestamp":"2026-03-09 06:02:22 UTC"}
{"level":"info","message":"Scan progress: 350/533","service":"binance-trader","timestamp":"2026-03-09 06:02:22 UTC"}
{"level":"info","message":"Scan progress: 400/533","service":"binance-trader","timestamp":"2026-03-09 06:02:22 UTC"}
{"level":"info","message":"Scan progress: 450/533","service":"binance-trader","timestamp":"2026-03-09 06:02:23 UTC"}
{"level":"info","message":"Scan progress: 500/533","service":"binance-trader","timestamp":"2026-03-09 06:02:23 UTC"}
{"level":"info","message":"Scan progress: 533/533","service":"binance-trader","timestamp":"2026-03-09 06:02:23 UTC"}
{"level":"info","message":"Symbol scan completed in 4.00s","service":"binance-trader","timestamp":"2026-03-09 06:02:23 UTC","topScore":100,"totalSymbols":533}
{"count":533,"level":"info","message":"Scan results saved to Redis","service":"binance-trader","timestamp":"2026-03-09 06:02:24 UTC"}
{"level":"info","message":"Top opportunities sent to Telegram","service":"binance-trader","timestamp":"2026-03-09 06:02:24 UTC"}
{"level":"info","message":"Starting symbol scan...","service":"binance-trader","timestamp":"2026-03-09 06:07:19 UTC"}
{"level":"info","message":"Found 533 USDT perpetual futures symbols","service":"binance-trader","timestamp":"2026-03-09 06:07:20 UTC"}
{"level":"info","message":"Scan progress: 50/533","service":"binance-trader","timestamp":"2026-03-09 06:07:20 UTC"}
{"level":"info","message":"Scan progress: 100/533","service":"binance-trader","timestamp":"2026-03-09 06:07:20 UTC"}
{"level":"info","message":"Scan progress: 150/533","service":"binance-trader","timestamp":"2026-03-09 06:07:21 UTC"}
{"level":"info","message":"Scan progress: 200/533","service":"binance-trader","timestamp":"2026-03-09 06:07:21 UTC"}
{"level":"info","message":"Scan progress: 250/533","service":"binance-trader","timestamp":"2026-03-09 06:07:21 UTC"}
{"level":"info","message":"Scan progress: 300/533","service":"binance-trader","timestamp":"2026-03-09 06:07:22 UTC"}
{"level":"info","message":"Scan progress: 350/533","service":"binance-trader","timestamp":"2026-03-09 06:07:22 UTC"}
{"level":"info","message":"Scan progress: 400/533","service":"binance-trader","timestamp":"2026-03-09 06:07:22 UTC"}
{"level":"info","message":"Scan progress: 450/533","service":"binance-trader","timestamp":"2026-03-09 06:07:23 UTC"}
{"level":"info","message":"Scan progress: 500/533","service":"binance-trader","timestamp":"2026-03-09 06:07:23 UTC"}
{"level":"info","message":"Scan progress: 533/533","service":"binance-trader","timestamp":"2026-03-09 06:07:23 UTC"}
{"level":"info","message":"Symbol scan completed in 3.96s","service":"binance-trader","timestamp":"2026-03-09 06:07:23 UTC","topScore":100,"totalSymbols":533}
{"count":533,"level":"info","message":"Scan results saved to Redis","service":"binance-trader","timestamp":"2026-03-09 06:07:24 UTC"}
{"level":"info","message":"Top opportunities sent to Telegram","service":"binance-trader","timestamp":"2026-03-09 06:07:24 UTC"}
{"level":"info","message":"Starting symbol scan...","service":"binance-trader","timestamp":"2026-03-09 06:12:19 UTC"}
{"level":"info","message":"Found 533 USDT perpetual futures symbols","service":"binance-trader","timestamp":"2026-03-09 06:12:20 UTC"}
{"level":"info","message":"Scan progress: 50/533","service":"binance-trader","timestamp":"2026-03-09 06:12:20 UTC"}
{"level":"info","message":"Scan progress: 100/533","service":"binance-trader","timestamp":"2026-03-09 06:12:20 UTC"}
{"level":"info","message":"Scan progress: 150/533","service":"binance-trader","timestamp":"2026-03-09 06:12:21 UTC"}
{"level":"info","message":"Scan progress: 200/533","service":"binance-trader","timestamp":"2026-03-09 06:12:21 UTC"}
{"level":"info","message":"Scan progress: 250/533","service":"binance-trader","timestamp":"2026-03-09 06:12:21 UTC"}
{"level":"info","message":"Scan progress: 300/533","service":"binance-trader","timestamp":"2026-03-09 06:12:22 UTC"}
{"level":"info","message":"Scan progress: 350/533","service":"binance-trader","timestamp":"2026-03-09 06:12:22 UTC"}
{"level":"info","message":"Scan progress: 400/533","service":"binance-trader","timestamp":"2026-03-09 06:12:23 UTC"}
{"level":"info","message":"Scan progress: 450/533","service":"binance-trader","timestamp":"2026-03-09 06:12:23 UTC"}
{"level":"info","message":"Scan progress: 500/533","service":"binance-trader","timestamp":"2026-03-09 06:12:23 UTC"}
{"level":"info","message":"Scan progress: 533/533","service":"binance-trader","timestamp":"2026-03-09 06:12:24 UTC"}
{"level":"info","message":"Symbol scan completed in 4.04s","service":"binance-trader","timestamp":"2026-03-09 06:12:24 UTC","topScore":100,"totalSymbols":533}
{"count":533,"level":"info","message":"Scan results saved to Redis","service":"binance-trader","timestamp":"2026-03-09 06:12:24 UTC"}
{"level":"info","message":"Top opportunities sent to Telegram","service":"binance-trader","timestamp":"2026-03-09 06:12:24 UTC"}
{"level":"info","message":"Starting symbol scan...","service":"binance-trader","timestamp":"2026-03-09 06:17:19 UTC"}
{"level":"info","message":"Found 533 USDT perpetual futures symbols","service":"binance-trader","timestamp":"2026-03-09 06:17:20 UTC"}
{"level":"info","message":"Scan progress: 50/533","service":"binance-trader","timestamp":"2026-03-09 06:17:20 UTC"}
{"level":"info","message":"Scan progress: 100/533","service":"binance-trader","timestamp":"2026-03-09 06:17:21 UTC"}
{"level":"info","message":"Scan progress: 150/533","service":"binance-trader","timestamp":"2026-03-09 06:17:21 UTC"}
{"level":"info","message":"Scan progress: 200/533","service":"binance-trader","timestamp":"2026-03-09 06:17:21 UTC"}
{"level":"info","message":"Scan progress: 250/533","service":"binance-trader","timestamp":"2026-03-09 06:17:21 UTC"}
{"level":"info","message":"Scan progress: 300/533","service":"binance-trader","timestamp":"2026-03-09 06:17:22 UTC"}
{"level":"info","message":"Scan progress: 350/533","service":"binance-trader","timestamp":"2026-03-09 06:17:22 UTC"}
{"level":"info","message":"Scan progress: 400/533","service":"binance-trader","timestamp":"2026-03-09 06:17:22 UTC"}
{"level":"info","message":"Scan progress: 450/533","service":"binance-trader","timestamp":"2026-03-09 06:17:23 UTC"}
{"level":"info","message":"Scan progress: 500/533","service":"binance-trader","timestamp":"2026-03-09 06:17:23 UTC"}
{"level":"info","message":"Scan progress: 533/533","service":"binance-trader","timestamp":"2026-03-09 06:17:25 UTC"}
{"level":"info","message":"Symbol scan completed in 5.77s","service":"binance-trader","timestamp":"2026-03-09 06:17:25 UTC","topScore":100,"totalSymbols":533}
{"count":533,"level":"info","message":"Scan results saved to Redis","service":"binance-trader","timestamp":"2026-03-09 06:17:25 UTC"}
{"level":"info","message":"Top opportunities sent to Telegram","service":"binance-trader","timestamp":"2026-03-09 06:17:26 UTC"}
{"level":"info","message":"Starting symbol scan...","service":"binance-trader","timestamp":"2026-03-09 06:22:19 UTC"}
{"level":"info","message":"Found 533 USDT perpetual futures symbols","service":"binance-trader","timestamp":"2026-03-09 06:22:20 UTC"}
{"level":"info","message":"Scan progress: 50/533","service":"binance-trader","timestamp":"2026-03-09 06:22:20 UTC"}
{"level":"info","message":"Scan progress: 100/533","service":"binance-trader","timestamp":"2026-03-09 06:22:20 UTC"}
{"level":"info","message":"Scan progress: 150/533","service":"binance-trader","timestamp":"2026-03-09 06:22:21 UTC"}
{"level":"info","message":"Scan progress: 200/533","service":"binance-trader","timestamp":"2026-03-09 06:22:21 UTC"}
{"level":"info","message":"Scan progress: 250/533","service":"binance-trader","timestamp":"2026-03-09 06:22:21 UTC"}
{"level":"info","message":"Scan progress: 300/533","service":"binance-trader","timestamp":"2026-03-09 06:22:22 UTC"}
{"level":"info","message":"Scan progress: 350/533","service":"binance-trader","timestamp":"2026-03-09 06:22:22 UTC"}
{"level":"info","message":"Scan progress: 400/533","service":"binance-trader","timestamp":"2026-03-09 06:22:22 UTC"}
{"level":"info","message":"Scan progress: 450/533","service":"binance-trader","timestamp":"2026-03-09 06:22:23 UTC"}
{"level":"info","message":"Scan progress: 500/533","service":"binance-trader","timestamp":"2026-03-09 06:22:23 UTC"}
{"level":"info","message":"Scan progress: 533/533","service":"binance-trader","timestamp":"2026-03-09 06:22:23 UTC"}
{"level":"info","message":"Symbol scan completed in 3.65s","service":"binance-trader","timestamp":"2026-03-09 06:22:23 UTC","topScore":100,"totalSymbols":533}
{"count":533,"level":"info","message":"Scan results saved to Redis","service":"binance-trader","timestamp":"2026-03-09 06:22:23 UTC"}
{"level":"info","message":"Top opportunities sent to Telegram","service":"binance-trader","timestamp":"2026-03-09 06:22:24 UTC"}
{"level":"info","message":"Starting symbol scan...","service":"binance-trader","timestamp":"2026-03-09 06:27:19 UTC"}
{"level":"info","message":"Found 533 USDT perpetual futures symbols","service":"binance-trader","timestamp":"2026-03-09 06:27:20 UTC"}
{"level":"info","message":"Scan progress: 50/533","service":"binance-trader","timestamp":"2026-03-09 06:27:20 UTC"}
{"level":"info","message":"Scan progress: 100/533","service":"binance-trader","timestamp":"2026-03-09 06:27:20 UTC"}
{"level":"info","message":"Scan progress: 150/533","service":"binance-trader","timestamp":"2026-03-09 06:27:21 UTC"}
{"level":"info","message":"Scan progress: 200/533","service":"binance-trader","timestamp":"2026-03-09 06:27:21 UTC"}
{"level":"info","message":"Scan progress: 250/533","service":"binance-trader","timestamp":"2026-03-09 06:27:22 UTC"}
{"level":"info","message":"Scan progress: 300/533","service":"binance-trader","timestamp":"2026-03-09 06:27:22 UTC"}
{"level":"info","message":"Scan progress: 350/533","service":"binance-trader","timestamp":"2026-03-09 06:27:22 UTC"}
{"level":"info","message":"Scan progress: 400/533","service":"binance-trader","timestamp":"2026-03-09 06:27:22 UTC"}
{"level":"info","message":"Scan progress: 450/533","service":"binance-trader","timestamp":"2026-03-09 06:27:23 UTC"}
{"level":"info","message":"Scan progress: 500/533","service":"binance-trader","timestamp":"2026-03-09 06:27:23 UTC"}
{"level":"info","message":"Scan progress: 533/533","service":"binance-trader","timestamp":"2026-03-09 06:27:24 UTC"}
{"level":"info","message":"Symbol scan completed in 4.09s","service":"binance-trader","timestamp":"2026-03-09 06:27:24 UTC","topScore":100,"totalSymbols":533}
{"count":533,"level":"info","message":"Scan results saved to Redis","service":"binance-trader","timestamp":"2026-03-09 06:27:24 UTC"}
{"level":"info","message":"Top opportunities sent to Telegram","service":"binance-trader","timestamp":"2026-03-09 06:27:24 UTC"}
{"level":"info","message":"Starting symbol scan...","service":"binance-trader","timestamp":"2026-03-09 06:32:19 UTC"}
{"level":"info","message":"Found 533 USDT perpetual futures symbols","service":"binance-trader","timestamp":"2026-03-09 06:32:20 UTC"}
{"level":"info","message":"Scan progress: 50/533","service":"binance-trader","timestamp":"2026-03-09 06:32:20 UTC"}
{"level":"info","message":"Scan progress: 100/533","service":"binance-trader","timestamp":"2026-03-09 06:32:20 UTC"}
{"level":"info","message":"Scan progress: 150/533","service":"binance-trader","timestamp":"2026-03-09 06:32:21 UTC"}
{"level":"info","message":"Scan progress: 200/533","service":"binance-trader","timestamp":"2026-03-09 06:32:21 UTC"}
{"level":"info","message":"Scan progress: 250/533","service":"binance-trader","timestamp":"2026-03-09 06:32:21 UTC"}
{"level":"info","message":"Scan progress: 300/533","service":"binance-trader","timestamp":"2026-03-09 06:32:22 UTC"}
{"level":"info","message":"Scan progress: 350/533","service":"binance-trader","timestamp":"2026-03-09 06:32:22 UTC"}
{"level":"info","message":"Scan progress: 400/533","service":"binance-trader","timestamp":"2026-03-09 06:32:22 UTC"}
{"level":"info","message":"Scan progress: 450/533","service":"binance-trader","timestamp":"2026-03-09 06:32:23 UTC"}
{"level":"info","message":"Scan progress: 500/533","service":"binance-trader","timestamp":"2026-03-09 06:32:23 UTC"}
{"level":"info","message":"Scan progress: 533/533","service":"binance-trader","timestamp":"2026-03-09 06:32:23 UTC"}
{"level":"info","message":"Symbol scan completed in 3.76s","service":"binance-trader","timestamp":"2026-03-09 06:32:23 UTC","topScore":100,"totalSymbols":533}
{"count":533,"level":"info","message":"Scan results saved to Redis","service":"binance-trader","timestamp":"2026-03-09 06:32:23 UTC"}
{"level":"info","message":"Top opportunities sent to Telegram","service":"binance-trader","timestamp":"2026-03-09 06:32:24 UTC"}
{"level":"info","message":"Starting symbol scan...","service":"binance-trader","timestamp":"2026-03-09 06:37:19 UTC"}
{"level":"info","message":"Found 533 USDT perpetual futures symbols","service":"binance-trader","timestamp":"2026-03-09 06:37:20 UTC"}
{"level":"info","message":"Scan progress: 50/533","service":"binance-trader","timestamp":"2026-03-09 06:37:20 UTC"}
{"level":"info","message":"Scan progress: 100/533","service":"binance-trader","timestamp":"2026-03-09 06:37:20 UTC"}
{"level":"info","message":"Scan progress: 150/533","service":"binance-trader","timestamp":"2026-03-09 06:37:21 UTC"}
{"level":"info","message":"Scan progress: 200/533","service":"binance-trader","timestamp":"2026-03-09 06:37:21 UTC"}
{"level":"info","message":"Scan progress: 250/533","service":"binance-trader","timestamp":"2026-03-09 06:37:21 UTC"}
{"level":"info","message":"Scan progress: 300/533","service":"binance-trader","timestamp":"2026-03-09 06:37:22 UTC"}
{"level":"info","message":"Scan progress: 350/533","service":"binance-trader","timestamp":"2026-03-09 06:37:22 UTC"}
{"level":"info","message":"Scan progress: 400/533","service":"binance-trader","timestamp":"2026-03-09 06:37:22 UTC"}
{"level":"info","message":"Scan progress: 450/533","service":"binance-trader","timestamp":"2026-03-09 06:37:23 UTC"}
{"level":"info","message":"Scan progress: 500/533","service":"binance-trader","timestamp":"2026-03-09 06:37:23 UTC"}
{"level":"info","message":"Scan progress: 533/533","service":"binance-trader","timestamp":"2026-03-09 06:37:24 UTC"}
{"level":"info","message":"Symbol scan completed in 4.04s","service":"binance-trader","timestamp":"2026-03-09 06:37:24 UTC","topScore":100,"totalSymbols":533}
{"count":533,"level":"info","message":"Scan results saved to Redis","service":"binance-trader","timestamp":"2026-03-09 06:37:24 UTC"}
{"level":"info","message":"Top opportunities sent to Telegram","service":"binance-trader","timestamp":"2026-03-09 06:37:24 UTC"}
{"level":"info","message":"Starting symbol scan...","service":"binance-trader","timestamp":"2026-03-09 06:42:19 UTC"}
{"level":"info","message":"Found 533 USDT perpetual futures symbols","service":"binance-trader","timestamp":"2026-03-09 06:42:20 UTC"}
{"level":"info","message":"Scan progress: 50/533","service":"binance-trader","timestamp":"2026-03-09 06:42:20 UTC"}
{"level":"info","message":"Scan progress: 100/533","service":"binance-trader","timestamp":"2026-03-09 06:42:20 UTC"}
{"level":"info","message":"Scan progress: 150/533","service":"binance-trader","timestamp":"2026-03-09 06:42:21 UTC"}
{"level":"info","message":"Scan progress: 200/533","service":"binance-trader","timestamp":"2026-03-09 06:42:21 UTC"}
{"level":"info","message":"Scan progress: 250/533","service":"binance-trader","timestamp":"2026-03-09 06:42:22 UTC"}
{"level":"info","message":"Scan progress: 300/533","service":"binance-trader","timestamp":"2026-03-09 06:42:22 UTC"}
{"level":"info","message":"Scan progress: 350/533","service":"binance-trader","timestamp":"2026-03-09 06:42:22 UTC"}
{"level":"info","message":"Scan progress: 400/533","service":"binance-trader","timestamp":"2026-03-09 06:42:22 UTC"}
{"level":"info","message":"Scan progress: 450/533","service":"binance-trader","timestamp":"2026-03-09 06:42:23 UTC"}
{"level":"info","message":"Scan progress: 500/533","service":"binance-trader","timestamp":"2026-03-09 06:42:23 UTC"}
{"level":"info","message":"Scan progress: 533/533","service":"binance-trader","timestamp":"2026-03-09 06:42:23 UTC"}
{"level":"info","message":"Symbol scan completed in 3.58s","service":"binance-trader","timestamp":"2026-03-09 06:42:23 UTC","topScore":100,"totalSymbols":533}
{"count":533,"level":"info","message":"Scan results saved to Redis","service":"binance-trader","timestamp":"2026-03-09 06:42:23 UTC"}
{"level":"info","message":"Top opportunities sent to Telegram","service":"binance-trader","timestamp":"2026-03-09 06:42:23 UTC"}
{"level":"info","message":"Starting symbol scan...","service":"binance-trader","timestamp":"2026-03-09 06:47:19 UTC"}
{"level":"info","message":"Found 533 USDT perpetual futures symbols","service":"binance-trader","timestamp":"2026-03-09 06:47:20 UTC"}
{"level":"info","message":"Scan progress: 50/533","service":"binance-trader","timestamp":"2026-03-09 06:47:20 UTC"}
{"level":"info","message":"Scan progress: 100/533","service":"binance-trader","timestamp":"2026-03-09 06:47:20 UTC"}
{"level":"info","message":"Scan progress: 150/533","service":"binance-trader","timestamp":"2026-03-09 06:47:21 UTC"}
{"level":"info","message":"Scan progress: 200/533","service":"binance-trader","timestamp":"2026-03-09 06:47:21 UTC"}
{"level":"info","message":"Scan progress: 250/533","service":"binance-trader","timestamp":"2026-03-09 06:47:21 UTC"}
{"level":"info","message":"Scan progress: 300/533","service":"binance-trader","timestamp":"2026-03-09 06:47:21 UTC"}
{"level":"info","message":"Scan progress: 350/533","service":"binance-trader","timestamp":"2026-03-09 06:47:22 UTC"}
{"level":"info","message":"Scan progress: 400/533","service":"binance-trader","timestamp":"2026-03-09 06:47:22 UTC"}
{"level":"info","message":"Scan progress: 450/533","service":"binance-trader","timestamp":"2026-03-09 06:47:22 UTC"}
{"level":"info","message":"Scan progress: 500/533","service":"binance-trader","timestamp":"2026-03-09 06:47:23 UTC"}
{"level":"info","message":"Scan progress: 533/533","service":"binance-trader","timestamp":"2026-03-09 06:47:23 UTC"}
{"level":"info","message":"Symbol scan completed in 3.27s","service":"binance-trader","timestamp":"2026-03-09 06:47:23 UTC","topScore":100,"totalSymbols":533}
{"count":533,"level":"info","message":"Scan results saved to Redis","service":"binance-trader","timestamp":"2026-03-09 06:47:23 UTC"}
{"level":"info","message":"Top opportunities sent to Telegram","service":"binance-trader","timestamp":"2026-03-09 06:47:23 UTC"}
{"level":"info","message":"Starting symbol scan...","service":"binance-trader","timestamp":"2026-03-09 06:52:19 UTC"}
{"level":"info","message":"Found 533 USDT perpetual futures symbols","service":"binance-trader","timestamp":"2026-03-09 06:52:20 UTC"}
{"level":"info","message":"Scan progress: 50/533","service":"binance-trader","timestamp":"2026-03-09 06:52:21 UTC"}
{"level":"info","message":"Scan progress: 100/533","service":"binance-trader","timestamp":"2026-03-09 06:52:21 UTC"}
{"level":"info","message":"Scan progress: 150/533","service":"binance-trader","timestamp":"2026-03-09 06:52:22 UTC"}
{"level":"info","message":"Scan progress: 200/533","service":"binance-trader","timestamp":"2026-03-09 06:52:22 UTC"}
{"level":"info","message":"Scan progress: 250/533","service":"binance-trader","timestamp":"2026-03-09 06:52:22 UTC"}
{"level":"info","message":"Scan progress: 300/533","service":"binance-trader","timestamp":"2026-03-09 06:52:23 UTC"}
{"level":"info","message":"Scan progress: 350/533","service":"binance-trader","timestamp":"2026-03-09 06:52:23 UTC"}
{"level":"info","message":"Scan progress: 400/533","service":"binance-trader","timestamp":"2026-03-09 06:52:23 UTC"}
{"level":"info","message":"Scan progress: 450/533","service":"binance-trader","timestamp":"2026-03-09 06:52:24 UTC"}
{"level":"info","message":"Scan progress: 500/533","service":"binance-trader","timestamp":"2026-03-09 06:52:24 UTC"}
{"level":"info","message":"Scan progress: 533/533","service":"binance-trader","timestamp":"2026-03-09 06:52:24 UTC"}
{"level":"info","message":"Symbol scan completed in 4.90s","service":"binance-trader","timestamp":"2026-03-09 06:52:24 UTC","topScore":100,"totalSymbols":533}
{"count":533,"level":"info","message":"Scan results saved to Redis","service":"binance-trader","timestamp":"2026-03-09 06:52:24 UTC"}
{"level":"info","message":"Top opportunities sent to Telegram","service":"binance-trader","timestamp":"2026-03-09 06:52:25 UTC"}
{"level":"info","message":"Starting symbol scan...","service":"binance-trader","timestamp":"2026-03-09 06:57:19 UTC"}
{"level":"info","message":"Found 533 USDT perpetual futures symbols","service":"binance-trader","timestamp":"2026-03-09 06:57:20 UTC"}
{"level":"info","message":"Scan progress: 50/533","service":"binance-trader","timestamp":"2026-03-09 06:57:20 UTC"}
{"level":"info","message":"Scan progress: 100/533","service":"binance-trader","timestamp":"2026-03-09 06:57:20 UTC"}
{"level":"info","message":"Scan progress: 150/533","service":"binance-trader","timestamp":"2026-03-09 06:57:21 UTC"}
{"level":"info","message":"Scan progress: 200/533","service":"binance-trader","timestamp":"2026-03-09 06:57:21 UTC"}
{"level":"info","message":"Scan progress: 250/533","service":"binance-trader","timestamp":"2026-03-09 06:57:21 UTC"}
{"level":"info","message":"Scan progress: 300/533","service":"binance-trader","timestamp":"2026-03-09 06:57:22 UTC"}
{"level":"info","message":"Scan progress: 350/533","service":"binance-trader","timestamp":"2026-03-09 06:57:22 UTC"}
{"level":"info","message":"Scan progress: 400/533","service":"binance-trader","timestamp":"2026-03-09 06:57:22 UTC"}
{"level":"info","message":"Scan progress: 450/533","service":"binance-trader","timestamp":"2026-03-09 06:57:23 UTC"}
{"level":"info","message":"Scan progress: 500/533","service":"binance-trader","timestamp":"2026-03-09 06:57:23 UTC"}
{"level":"info","message":"Scan progress: 533/533","service":"binance-trader","timestamp":"2026-03-09 06:57:24 UTC"}
{"level":"info","message":"Symbol scan completed in 4.06s","service":"binance-trader","timestamp":"2026-03-09 06:57:24 UTC","topScore":100,"totalSymbols":533}
{"count":533,"level":"info","message":"Scan results saved to Redis","service":"binance-trader","timestamp":"2026-03-09 06:57:24 UTC"}
{"level":"info","message":"Top opportunities sent to Telegram","service":"binance-trader","timestamp":"2026-03-09 06:57:24 UTC"}
{"level":"info","message":"Starting symbol scan...","service":"binance-trader","timestamp":"2026-03-09 07:02:19 UTC"}
{"level":"info","message":"Found 533 USDT perpetual futures symbols","service":"binance-trader","timestamp":"2026-03-09 07:02:20 UTC"}
{"level":"info","message":"Scan progress: 50/533","service":"binance-trader","timestamp":"2026-03-09 07:02:20 UTC"}
{"level":"info","message":"Scan progress: 100/533","service":"binance-trader","timestamp":"2026-03-09 07:02:20 UTC"}
{"level":"info","message":"Scan progress: 150/533","service":"binance-trader","timestamp":"2026-03-09 07:02:21 UTC"}
{"level":"info","message":"Scan progress: 200/533","service":"binance-trader","timestamp":"2026-03-09 07:02:21 UTC"}
{"level":"info","message":"Scan progress: 250/533","service":"binance-trader","timestamp":"2026-03-09 07:02:21 UTC"}
{"level":"info","message":"Scan progress: 300/533","service":"binance-trader","timestamp":"2026-03-09 07:02:21 UTC"}
{"level":"info","message":"Scan progress: 350/533","service":"binance-trader","timestamp":"2026-03-09 07:02:22 UTC"}
{"level":"info","message":"Scan progress: 400/533","service":"binance-trader","timestamp":"2026-03-09 07:02:22 UTC"}
{"level":"info","message":"Scan progress: 450/533","service":"binance-trader","timestamp":"2026-03-09 07:02:22 UTC"}
{"level":"info","message":"Scan progress: 500/533","service":"binance-trader","timestamp":"2026-03-09 07:02:23 UTC"}
{"level":"info","message":"Scan progress: 533/533","service":"binance-trader","timestamp":"2026-03-09 07:02:23 UTC"}
{"level":"info","message":"Symbol scan completed in 3.64s","service":"binance-trader","timestamp":"2026-03-09 07:02:23 UTC","topScore":100,"totalSymbols":533}
{"count":533,"level":"info","message":"Scan results saved to Redis","service":"binance-trader","timestamp":"2026-03-09 07:02:23 UTC"}
{"level":"info","message":"Top opportunities sent to Telegram","service":"binance-trader","timestamp":"2026-03-09 07:02:24 UTC"}
{"level":"info","message":"Starting symbol scan...","service":"binance-trader","timestamp":"2026-03-09 07:07:19 UTC"}
{"level":"info","message":"Found 533 USDT perpetual futures symbols","service":"binance-trader","timestamp":"2026-03-09 07:07:20 UTC"}
{"level":"info","message":"Scan progress: 50/533","service":"binance-trader","timestamp":"2026-03-09 07:07:20 UTC"}
{"level":"info","message":"Scan progress: 100/533","service":"binance-trader","timestamp":"2026-03-09 07:07:20 UTC"}
{"level":"info","message":"Scan progress: 150/533","service":"binance-trader","timestamp":"2026-03-09 07:07:21 UTC"}
{"level":"info","message":"Scan progress: 200/533","service":"binance-trader","timestamp":"2026-03-09 07:07:21 UTC"}
{"level":"info","message":"Scan progress: 250/533","service":"binance-trader","timestamp":"2026-03-09 07:07:21 UTC"}
{"level":"info","message":"Scan progress: 300/533","service":"binance-trader","timestamp":"2026-03-09 07:07:21 UTC"}
{"level":"info","message":"Scan progress: 350/533","service":"binance-trader","timestamp":"2026-03-09 07:07:22 UTC"}
{"level":"info","message":"Scan progress: 400/533","service":"binance-trader","timestamp":"2026-03-09 07:07:22 UTC"}
{"level":"info","message":"Scan progress: 450/533","service":"binance-trader","timestamp":"2026-03-09 07:07:22 UTC"}
{"level":"info","message":"Scan progress: 500/533","service":"binance-trader","timestamp":"2026-03-09 07:07:23 UTC"}
{"level":"info","message":"Scan progress: 533/533","service":"binance-trader","timestamp":"2026-03-09 07:07:23 UTC"}
{"level":"info","message":"Symbol scan completed in 3.47s","service":"binance-trader","timestamp":"2026-03-09 07:07:23 UTC","topScore":100,"totalSymbols":533}
{"count":533,"level":"info","message":"Scan results saved to Redis","service":"binance-trader","timestamp":"2026-03-09 07:07:23 UTC"}
{"level":"info","message":"Top opportunities sent to Telegram","service":"binance-trader","timestamp":"2026-03-09 07:07:23 UTC"}
{"level":"info","message":"Starting symbol scan...","service":"binance-trader","timestamp":"2026-03-09 07:12:19 UTC"}
{"level":"info","message":"Found 533 USDT perpetual futures symbols","service":"binance-trader","timestamp":"2026-03-09 07:12:20 UTC"}
{"level":"info","message":"Scan progress: 50/533","service":"binance-trader","timestamp":"2026-03-09 07:12:20 UTC"}
{"level":"info","message":"Scan progress: 100/533","service":"binance-trader","timestamp":"2026-03-09 07:12:20 UTC"}
{"level":"info","message":"Scan progress: 150/533","service":"binance-trader","timestamp":"2026-03-09 07:12:21 UTC"}
{"level":"info","message":"Scan progress: 200/533","service":"binance-trader","timestamp":"2026-03-09 07:12:21 UTC"}
{"level":"info","message":"Scan progress: 250/533","service":"binance-trader","timestamp":"2026-03-09 07:12:21 UTC"}
{"level":"info","message":"Scan progress: 300/533","service":"binance-trader","timestamp":"2026-03-09 07:12:22 UTC"}
{"level":"info","message":"Scan progress: 350/533","service":"binance-trader","timestamp":"2026-03-09 07:12:22 UTC"}
{"level":"info","message":"Scan progress: 400/533","service":"binance-trader","timestamp":"2026-03-09 07:12:22 UTC"}
{"level":"info","message":"Scan progress: 450/533","service":"binance-trader","timestamp":"2026-03-09 07:12:22 UTC"}
{"level":"info","message":"Scan progress: 500/533","service":"binance-trader","timestamp":"2026-03-09 07:12:23 UTC"}
{"level":"info","message":"Scan progress: 533/533","service":"binance-trader","timestamp":"2026-03-09 07:12:23 UTC"}
{"level":"info","message":"Symbol scan completed in 3.87s","service":"binance-trader","timestamp":"2026-03-09 07:12:23 UTC","topScore":100,"totalSymbols":533}
{"count":533,"level":"info","message":"Scan results saved to Redis","service":"binance-trader","timestamp":"2026-03-09 07:12:23 UTC"}
{"level":"info","message":"Top opportunities sent to Telegram","service":"binance-trader","timestamp":"2026-03-09 07:12:24 UTC"}
{"level":"info","message":"Starting symbol scan...","service":"binance-trader","timestamp":"2026-03-09 07:17:19 UTC"}
{"level":"info","message":"Found 533 USDT perpetual futures symbols","service":"binance-trader","timestamp":"2026-03-09 07:17:20 UTC"}
{"level":"info","message":"Scan progress: 50/533","service":"binance-trader","timestamp":"2026-03-09 07:17:20 UTC"}
{"level":"info","message":"Scan progress: 100/533","service":"binance-trader","timestamp":"2026-03-09 07:17:20 UTC"}
{"level":"info","message":"Scan progress: 150/533","service":"binance-trader","timestamp":"2026-03-09 07:17:21 UTC"}
{"level":"info","message":"Scan progress: 200/533","service":"binance-trader","timestamp":"2026-03-09 07:17:21 UTC"}
{"level":"info","message":"Scan progress: 250/533","service":"binance-trader","timestamp":"2026-03-09 07:17:21 UTC"}
{"level":"info","message":"Scan progress: 300/533","service":"binance-trader","timestamp":"2026-03-09 07:17:22 UTC"}
{"level":"info","message":"Scan progress: 350/533","service":"binance-trader","timestamp":"2026-03-09 07:17:22 UTC"}
{"level":"info","message":"Scan progress: 400/533","service":"binance-trader","timestamp":"2026-03-09 07:17:22 UTC"}
{"level":"info","message":"Scan progress: 450/533","service":"binance-trader","timestamp":"2026-03-09 07:17:23 UTC"}
{"level":"info","message":"Scan progress: 500/533","service":"binance-trader","timestamp":"2026-03-09 07:17:23 UTC"}
{"level":"info","message":"Scan progress: 533/533","service":"binance-trader","timestamp":"2026-03-09 07:17:23 UTC"}
{"level":"info","message":"Symbol scan completed in 3.90s","service":"binance-trader","timestamp":"2026-03-09 07:17:23 UTC","topScore":100,"totalSymbols":533}
{"count":533,"level":"info","message":"Scan results saved to Redis","service":"binance-trader","timestamp":"2026-03-09 07:17:23 UTC"}
{"level":"info","message":"Top opportunities sent to Telegram","service":"binance-trader","timestamp":"2026-03-09 07:17:24 UTC"}
{"level":"info","message":"Starting symbol scan...","service":"binance-trader","timestamp":"2026-03-09 07:22:20 UTC"}
{"level":"info","message":"Found 533 USDT perpetual futures symbols","service":"binance-trader","timestamp":"2026-03-09 07:22:20 UTC"}
{"level":"info","message":"Scan progress: 50/533","service":"binance-trader","timestamp":"2026-03-09 07:22:20 UTC"}
{"level":"info","message":"Scan progress: 100/533","service":"binance-trader","timestamp":"2026-03-09 07:22:20 UTC"}
{"level":"info","message":"Scan progress: 150/533","service":"binance-trader","timestamp":"2026-03-09 07:22:21 UTC"}
{"level":"info","message":"Scan progress: 200/533","service":"binance-trader","timestamp":"2026-03-09 07:22:21 UTC"}
{"level":"info","message":"Scan progress: 250/533","service":"binance-trader","timestamp":"2026-03-09 07:22:21 UTC"}
{"level":"info","message":"Scan progress: 300/533","service":"binance-trader","timestamp":"2026-03-09 07:22:22 UTC"}
{"level":"info","message":"Scan progress: 350/533","service":"binance-trader","timestamp":"2026-03-09 07:22:22 UTC"}
{"level":"info","message":"Scan progress: 400/533","service":"binance-trader","timestamp":"2026-03-09 07:22:22 UTC"}
{"level":"info","message":"Scan progress: 450/533","service":"binance-trader","timestamp":"2026-03-09 07:22:23 UTC"}
{"level":"info","message":"Scan progress: 500/533","service":"binance-trader","timestamp":"2026-03-09 07:22:23 UTC"}
{"level":"info","message":"Scan progress: 533/533","service":"binance-trader","timestamp":"2026-03-09 07:22:23 UTC"}
{"level":"info","message":"Symbol scan completed in 3.80s","service":"binance-trader","timestamp":"2026-03-09 07:22:23 UTC","topScore":100,"totalSymbols":533}
{"count":533,"level":"info","message":"Scan results saved to Redis","service":"binance-trader","timestamp":"2026-03-09 07:22:23 UTC"}
{"level":"info","message":"Top opportunities sent to Telegram","service":"binance-trader","timestamp":"2026-03-09 07:22:24 UTC"}
{"level":"info","message":"Starting symbol scan...","service":"binance-trader","timestamp":"2026-03-09 07:27:20 UTC"}
{"level":"info","message":"Found 533 USDT perpetual futures symbols","service":"binance-trader","timestamp":"2026-03-09 07:27:20 UTC"}
{"level":"info","message":"Scan progress: 50/533","service":"binance-trader","timestamp":"2026-03-09 07:27:20 UTC"}
{"level":"info","message":"Scan progress: 100/533","service":"binance-trader","timestamp":"2026-03-09 07:27:20 UTC"}
{"level":"info","message":"Scan progress: 150/533","service":"binance-trader","timestamp":"2026-03-09 07:27:21 UTC"}
{"level":"info","message":"Scan progress: 200/533","service":"binance-trader","timestamp":"2026-03-09 07:27:21 UTC"}
{"level":"info","message":"Scan progress: 250/533","service":"binance-trader","timestamp":"2026-03-09 07:27:21 UTC"}
{"level":"info","message":"Scan progress: 300/533","service":"binance-trader","timestamp":"2026-03-09 07:27:22 UTC"}
{"level":"info","message":"Scan progress: 350/533","service":"binance-trader","timestamp":"2026-03-09 07:27:22 UTC"}
{"level":"info","message":"Scan progress: 400/533","service":"binance-trader","timestamp":"2026-03-09 07:27:23 UTC"}
{"level":"info","message":"Scan progress: 450/533","service":"binance-trader","timestamp":"2026-03-09 07:27:23 UTC"}
{"level":"info","message":"Scan progress: 500/533","service":"binance-trader","timestamp":"2026-03-09 07:27:23 UTC"}
{"level":"info","message":"Scan progress: 533/533","service":"binance-trader","timestamp":"2026-03-09 07:27:23 UTC"}
{"level":"info","message":"Symbol scan completed in 3.98s","service":"binance-trader","timestamp":"2026-03-09 07:27:23 UTC","topScore":100,"totalSymbols":533}
{"count":533,"level":"info","message":"Scan results saved to Redis","service":"binance-trader","timestamp":"2026-03-09 07:27:24 UTC"}
{"level":"info","message":"Top opportunities sent to Telegram","service":"binance-trader","timestamp":"2026-03-09 07:27:24 UTC"}
{"level":"info","message":"Starting symbol scan...","service":"binance-trader","timestamp":"2026-03-09 07:32:20 UTC"}
{"level":"info","message":"Found 533 USDT perpetual futures symbols","service":"binance-trader","timestamp":"2026-03-09 07:32:20 UTC"}
{"level":"info","message":"Scan progress: 50/533","service":"binance-trader","timestamp":"2026-03-09 07:32:20 UTC"}
{"level":"info","message":"Scan progress: 100/533","service":"binance-trader","timestamp":"2026-03-09 07:32:20 UTC"}
{"level":"info","message":"Scan progress: 150/533","service":"binance-trader","timestamp":"2026-03-09 07:32:21 UTC"}
{"level":"info","message":"Scan progress: 200/533","service":"binance-trader","timestamp":"2026-03-09 07:32:21 UTC"}
{"level":"info","message":"Scan progress: 250/533","service":"binance-trader","timestamp":"2026-03-09 07:32:21 UTC"}
{"level":"info","message":"Scan progress: 300/533","service":"binance-trader","timestamp":"2026-03-09 07:32:22 UTC"}
{"level":"info","message":"Scan progress: 350/533","service":"binance-trader","timestamp":"2026-03-09 07:32:22 UTC"}
{"level":"info","message":"Scan progress: 400/533","service":"binance-trader","timestamp":"2026-03-09 07:32:22 UTC"}
{"level":"info","message":"Scan progress: 450/533","service":"binance-trader","timestamp":"2026-03-09 07:32:23 UTC"}
{"level":"info","message":"Scan progress: 500/533","service":"binance-trader","timestamp":"2026-03-09 07:32:23 UTC"}
{"level":"info","message":"Scan progress: 533/533","service":"binance-trader","timestamp":"2026-03-09 07:32:23 UTC"}
{"level":"info","message":"Symbol scan completed in 3.93s","service":"binance-trader","timestamp":"2026-03-09 07:32:23 UTC","topScore":100,"totalSymbols":533}
{"count":533,"level":"info","message":"Scan results saved to Redis","service":"binance-trader","timestamp":"2026-03-09 07:32:24 UTC"}
{"level":"info","message":"Top opportunities sent to Telegram","service":"binance-trader","timestamp":"2026-03-09 07:32:24 UTC"}
{"level":"info","message":"Starting symbol scan...","service":"binance-trader","timestamp":"2026-03-09 07:37:20 UTC"}
{"level":"info","message":"Found 533 USDT perpetual futures symbols","service":"binance-trader","timestamp":"2026-03-09 07:37:20 UTC"}
{"level":"info","message":"Scan progress: 50/533","service":"binance-trader","timestamp":"2026-03-09 07:37:20 UTC"}
{"level":"info","message":"Scan progress: 100/533","service":"binance-trader","timestamp":"2026-03-09 07:37:20 UTC"}
{"level":"info","message":"Scan progress: 150/533","service":"binance-trader","timestamp":"2026-03-09 07:37:21 UTC"}
{"level":"info","message":"Scan progress: 200/533","service":"binance-trader","timestamp":"2026-03-09 07:37:21 UTC"}
{"level":"info","message":"Scan progress: 250/533","service":"binance-trader","timestamp":"2026-03-09 07:37:21 UTC"}
{"level":"info","message":"Scan progress: 300/533","service":"binance-trader","timestamp":"2026-03-09 07:37:21 UTC"}
{"level":"info","message":"Scan progress: 350/533","service":"binance-trader","timestamp":"2026-03-09 07:37:22 UTC"}
{"level":"info","message":"Scan progress: 400/533","service":"binance-trader","timestamp":"2026-03-09 07:37:22 UTC"}
{"level":"info","message":"Scan progress: 450/533","service":"binance-trader","timestamp":"2026-03-09 07:37:22 UTC"}
{"level":"info","message":"Scan progress: 500/533","service":"binance-trader","timestamp":"2026-03-09 07:37:23 UTC"}
{"level":"info","message":"Scan progress: 533/533","service":"binance-trader","timestamp":"2026-03-09 07:37:23 UTC"}
{"level":"info","message":"Symbol scan completed in 3.32s","service":"binance-trader","timestamp":"2026-03-09 07:37:23 UTC","topScore":100,"totalSymbols":533}
{"count":533,"level":"info","message":"Scan results saved to Redis","service":"binance-trader","timestamp":"2026-03-09 07:37:23 UTC"}
{"level":"info","message":"Top opportunities sent to Telegram","service":"binance-trader","timestamp":"2026-03-09 07:37:23 UTC"}
{"level":"info","message":"Starting symbol scan...","service":"binance-trader","timestamp":"2026-03-09 07:42:20 UTC"}
{"level":"info","message":"Found 533 USDT perpetual futures symbols","service":"binance-trader","timestamp":"2026-03-09 07:42:20 UTC"}
{"level":"info","message":"Scan progress: 50/533","service":"binance-trader","timestamp":"2026-03-09 07:42:20 UTC"}
{"level":"info","message":"Scan progress: 100/533","service":"binance-trader","timestamp":"2026-03-09 07:42:20 UTC"}
{"level":"info","message":"Scan progress: 150/533","service":"binance-trader","timestamp":"2026-03-09 07:42:21 UTC"}
{"level":"info","message":"Scan progress: 200/533","service":"binance-trader","timestamp":"2026-03-09 07:42:21 UTC"}
{"level":"info","message":"Scan progress: 250/533","service":"binance-trader","timestamp":"2026-03-09 07:42:21 UTC"}
{"level":"info","message":"Scan progress: 300/533","service":"binance-trader","timestamp":"2026-03-09 07:42:21 UTC"}
{"level":"info","message":"Scan progress: 350/533","service":"binance-trader","timestamp":"2026-03-09 07:42:22 UTC"}
{"level":"info","message":"Scan progress: 400/533","service":"binance-trader","timestamp":"2026-03-09 07:42:22 UTC"}
{"level":"info","message":"Scan progress: 450/533","service":"binance-trader","timestamp":"2026-03-09 07:42:23 UTC"}
{"level":"info","message":"Scan progress: 500/533","service":"binance-trader","timestamp":"2026-03-09 07:42:23 UTC"}
{"level":"info","message":"Scan progress: 533/533","service":"binance-trader","timestamp":"2026-03-09 07:42:23 UTC"}
{"level":"info","message":"Symbol scan completed in 3.88s","service":"binance-trader","timestamp":"2026-03-09 07:42:23 UTC","topScore":100,"totalSymbols":533}
{"count":533,"level":"info","message":"Scan results saved to Redis","service":"binance-trader","timestamp":"2026-03-09 07:42:23 UTC"}
{"level":"info","message":"Top opportunities sent to Telegram","service":"binance-trader","timestamp":"2026-03-09 07:42:24 UTC"}
{"level":"info","message":"Starting symbol scan...","service":"binance-trader","timestamp":"2026-03-09 07:47:20 UTC"}
{"level":"info","message":"Found 533 USDT perpetual futures symbols","service":"binance-trader","timestamp":"2026-03-09 07:47:20 UTC"}
{"level":"info","message":"Scan progress: 50/533","service":"binance-trader","timestamp":"2026-03-09 07:47:20 UTC"}
{"level":"info","message":"Scan progress: 100/533","service":"binance-trader","timestamp":"2026-03-09 07:47:21 UTC"}
{"level":"info","message":"Scan progress: 150/533","service":"binance-trader","timestamp":"2026-03-09 07:47:21 UTC"}
{"level":"info","message":"Scan progress: 200/533","service":"binance-trader","timestamp":"2026-03-09 07:47:21 UTC"}
{"level":"info","message":"Scan progress: 250/533","service":"binance-trader","timestamp":"2026-03-09 07:47:22 UTC"}
{"level":"info","message":"Scan progress: 300/533","service":"binance-trader","timestamp":"2026-03-09 07:47:22 UTC"}
{"level":"info","message":"Scan progress: 350/533","service":"binance-trader","timestamp":"2026-03-09 07:47:22 UTC"}
{"level":"info","message":"Scan progress: 400/533","service":"binance-trader","timestamp":"2026-03-09 07:47:22 UTC"}
{"level":"info","message":"Scan progress: 450/533","service":"binance-trader","timestamp":"2026-03-09 07:47:23 UTC"}
{"level":"info","message":"Scan progress: 500/533","service":"binance-trader","timestamp":"2026-03-09 07:47:23 UTC"}
{"level":"info","message":"Scan progress: 533/533","service":"binance-trader","timestamp":"2026-03-09 07:47:23 UTC"}
{"level":"info","message":"Symbol scan completed in 3.60s","service":"binance-trader","timestamp":"2026-03-09 07:47:23 UTC","topScore":100,"totalSymbols":533}
{"count":533,"level":"info","message":"Scan results saved to Redis","service":"binance-trader","timestamp":"2026-03-09 07:47:23 UTC"}
{"level":"info","message":"Top opportunities sent to Telegram","service":"binance-trader","timestamp":"2026-03-09 07:47:24 UTC"}
{"level":"info","message":"Starting symbol scan...","service":"binance-trader","timestamp":"2026-03-09 07:52:20 UTC"}
{"level":"info","message":"Found 533 USDT perpetual futures symbols","service":"binance-trader","timestamp":"2026-03-09 07:52:20 UTC"}
{"level":"info","message":"Scan progress: 50/533","service":"binance-trader","timestamp":"2026-03-09 07:52:20 UTC"}
{"level":"info","message":"Scan progress: 100/533","service":"binance-trader","timestamp":"2026-03-09 07:52:20 UTC"}
{"level":"info","message":"Scan progress: 150/533","service":"binance-trader","timestamp":"2026-03-09 07:52:20 UTC"}
{"level":"info","message":"Scan progress: 200/533","service":"binance-trader","timestamp":"2026-03-09 07:52:21 UTC"}
{"level":"info","message":"Scan progress: 250/533","service":"binance-trader","timestamp":"2026-03-09 07:52:21 UTC"}
{"level":"info","message":"Scan progress: 300/533","service":"binance-trader","timestamp":"2026-03-09 07:52:21 UTC"}
{"level":"info","message":"Scan progress: 350/533","service":"binance-trader","timestamp":"2026-03-09 07:52:22 UTC"}
{"level":"info","message":"Scan progress: 400/533","service":"binance-trader","timestamp":"2026-03-09 07:52:22 UTC"}
{"level":"info","message":"Scan progress: 450/533","service":"binance-trader","timestamp":"2026-03-09 07:52:22 UTC"}
{"level":"info","message":"Scan progress: 500/533","service":"binance-trader","timestamp":"2026-03-09 07:52:23 UTC"}
{"level":"info","message":"Scan progress: 533/533","service":"binance-trader","timestamp":"2026-03-09 07:52:23 UTC"}
{"level":"info","message":"Symbol scan completed in 3.22s","service":"binance-trader","timestamp":"2026-03-09 07:52:23 UTC","topScore":100,"totalSymbols":533}
{"count":533,"level":"info","message":"Scan results saved to Redis","service":"binance-trader","timestamp":"2026-03-09 07:52:23 UTC"}
{"level":"info","message":"Top opportunities sent to Telegram","service":"binance-trader","timestamp":"2026-03-09 07:52:23 UTC"}
{"level":"info","message":"Starting symbol scan...","service":"binance-trader","timestamp":"2026-03-09 07:57:20 UTC"}
{"level":"info","message":"Found 533 USDT perpetual futures symbols","service":"binance-trader","timestamp":"2026-03-09 07:57:20 UTC"}
{"level":"info","message":"Scan progress: 50/533","service":"binance-trader","timestamp":"2026-03-09 07:57:20 UTC"}
{"level":"info","message":"Scan progress: 100/533","service":"binance-trader","timestamp":"2026-03-09 07:57:20 UTC"}
{"level":"info","message":"Scan progress: 150/533","service":"binance-trader","timestamp":"2026-03-09 07:57:21 UTC"}
{"level":"info","message":"Scan progress: 200/533","service":"binance-trader","timestamp":"2026-03-09 07:57:21 UTC"}
{"level":"info","message":"Scan progress: 250/533","service":"binance-trader","timestamp":"2026-03-09 07:57:21 UTC"}
{"level":"info","message":"Scan progress: 300/533","service":"binance-trader","timestamp":"2026-03-09 07:57:21 UTC"}
{"level":"info","message":"Scan progress: 350/533","service":"binance-trader","timestamp":"2026-03-09 07:57:22 UTC"}
{"level":"info","message":"Scan progress: 400/533","service":"binance-trader","timestamp":"2026-03-09 07:57:22 UTC"}
{"level":"info","message":"Scan progress: 450/533","service":"binance-trader","timestamp":"2026-03-09 07:57:22 UTC"}
{"level":"info","message":"Scan progress: 500/533","service":"binance-trader","timestamp":"2026-03-09 07:57:23 UTC"}
{"level":"info","message":"Scan progress: 533/533","service":"binance-trader","timestamp":"2026-03-09 07:57:23 UTC"}
{"level":"info","message":"Symbol scan completed in 3.51s","service":"binance-trader","timestamp":"2026-03-09 07:57:23 UTC","topScore":100,"totalSymbols":533}
{"count":533,"level":"info","message":"Scan results saved to Redis","service":"binance-trader","timestamp":"2026-03-09 07:57:23 UTC"}
{"level":"info","message":"Top opportunities sent to Telegram","service":"binance-trader","timestamp":"2026-03-09 07:57:23 UTC"}
{"level":"info","message":"Starting symbol scan...","service":"binance-trader","timestamp":"2026-03-09 08:02:20 UTC"}
{"level":"info","message":"Found 533 USDT perpetual futures symbols","service":"binance-trader","timestamp":"2026-03-09 08:02:20 UTC"}
{"level":"info","message":"Scan progress: 50/533","service":"binance-trader","timestamp":"2026-03-09 08:02:20 UTC"}
{"level":"info","message":"Scan progress: 100/533","service":"binance-trader","timestamp":"2026-03-09 08:02:20 UTC"}
{"level":"info","message":"Scan progress: 150/533","service":"binance-trader","timestamp":"2026-03-09 08:02:21 UTC"}
{"level":"info","message":"Scan progress: 200/533","service":"binance-trader","timestamp":"2026-03-09 08:02:21 UTC"}
{"level":"info","message":"Scan progress: 250/533","service":"binance-trader","timestamp":"2026-03-09 08:02:22 UTC"}
{"level":"info","message":"Scan progress: 300/533","service":"binance-trader","timestamp":"2026-03-09 08:02:22 UTC"}
{"level":"info","message":"Scan progress: 350/533","service":"binance-trader","timestamp":"2026-03-09 08:02:22 UTC"}
{"level":"info","message":"Scan progress: 400/533","service":"binance-trader","timestamp":"2026-03-09 08:02:22 UTC"}
{"level":"info","message":"Scan progress: 450/533","service":"binance-trader","timestamp":"2026-03-09 08:02:23 UTC"}
{"level":"info","message":"Scan progress: 500/533","service":"binance-trader","timestamp":"2026-03-09 08:02:23 UTC"}
{"level":"info","message":"Scan progress: 533/533","service":"binance-trader","timestamp":"2026-03-09 08:02:23 UTC"}
{"level":"info","message":"Symbol scan completed in 3.92s","service":"binance-trader","timestamp":"2026-03-09 08:02:23 UTC","topScore":100,"totalSymbols":533}
{"count":533,"level":"info","message":"Scan results saved to Redis","service":"binance-trader","timestamp":"2026-03-09 08:02:24 UTC"}
{"level":"info","message":"Top opportunities sent to Telegram","service":"binance-trader","timestamp":"2026-03-09 08:02:24 UTC"}
{"level":"info","message":"Starting symbol scan...","service":"binance-trader","timestamp":"2026-03-09 08:07:20 UTC"}
{"level":"info","message":"Found 533 USDT perpetual futures symbols","service":"binance-trader","timestamp":"2026-03-09 08:07:20 UTC"}
{"level":"info","message":"Scan progress: 50/533","service":"binance-trader","timestamp":"2026-03-09 08:07:20 UTC"}
{"level":"info","message":"Scan progress: 100/533","service":"binance-trader","timestamp":"2026-03-09 08:07:20 UTC"}
{"level":"info","message":"Scan progress: 150/533","service":"binance-trader","timestamp":"2026-03-09 08:07:21 UTC"}
{"level":"info","message":"Scan progress: 200/533","service":"binance-trader","timestamp":"2026-03-09 08:07:21 UTC"}
{"level":"info","message":"Scan progress: 250/533","service":"binance-trader","timestamp":"2026-03-09 08:07:21 UTC"}
{"level":"info","message":"Scan progress: 300/533","service":"binance-trader","timestamp":"2026-03-09 08:07:21 UTC"}
{"level":"info","message":"Scan progress: 350/533","service":"binance-trader","timestamp":"2026-03-09 08:07:22 UTC"}
{"level":"info","message":"Scan progress: 400/533","service":"binance-trader","timestamp":"2026-03-09 08:07:22 UTC"}
{"level":"info","message":"Scan progress: 450/533","service":"binance-trader","timestamp":"2026-03-09 08:07:23 UTC"}
{"level":"info","message":"Scan progress: 500/533","service":"binance-trader","timestamp":"2026-03-09 08:07:23 UTC"}
{"level":"info","message":"Scan progress: 533/533","service":"binance-trader","timestamp":"2026-03-09 08:07:23 UTC"}
{"level":"info","message":"Symbol scan completed in 3.78s","service":"binance-trader","timestamp":"2026-03-09 08:07:23 UTC","topScore":100,"totalSymbols":533}
{"count":533,"level":"info","message":"Scan results saved to Redis","service":"binance-trader","timestamp":"2026-03-09 08:07:23 UTC"}
{"level":"info","message":"Top opportunities sent to Telegram","service":"binance-trader","timestamp":"2026-03-09 08:07:24 UTC"}
{"level":"info","message":"Starting symbol scan...","service":"binance-trader","timestamp":"2026-03-09 08:12:20 UTC"}
{"level":"info","message":"Found 533 USDT perpetual futures symbols","service":"binance-trader","timestamp":"2026-03-09 08:12:20 UTC"}
{"level":"info","message":"Scan progress: 50/533","service":"binance-trader","timestamp":"2026-03-09 08:12:20 UTC"}
{"level":"info","message":"Scan progress: 100/533","service":"binance-trader","timestamp":"2026-03-09 08:12:20 UTC"}
{"level":"info","message":"Scan progress: 150/533","service":"binance-trader","timestamp":"2026-03-09 08:12:21 UTC"}
{"level":"info","message":"Scan progress: 200/533","service":"binance-trader","timestamp":"2026-03-09 08:12:21 UTC"}
{"level":"info","message":"Scan progress: 250/533","service":"binance-trader","timestamp":"2026-03-09 08:12:21 UTC"}
{"level":"info","message":"Scan progress: 300/533","service":"binance-trader","timestamp":"2026-03-09 08:12:21 UTC"}
{"level":"info","message":"Scan progress: 350/533","service":"binance-trader","timestamp":"2026-03-09 08:12:24 UTC"}
{"level":"info","message":"Scan progress: 400/533","service":"binance-trader","timestamp":"2026-03-09 08:12:24 UTC"}
{"level":"info","message":"Scan progress: 450/533","service":"binance-trader","timestamp":"2026-03-09 08:12:24 UTC"}
{"level":"info","message":"Scan progress: 500/533","service":"binance-trader","timestamp":"2026-03-09 08:12:25 UTC"}
{"level":"info","message":"Scan progress: 533/533","service":"binance-trader","timestamp":"2026-03-09 08:12:25 UTC"}
{"level":"info","message":"Symbol scan completed in 5.67s","service":"binance-trader","timestamp":"2026-03-09 08:12:25 UTC","topScore":100,"totalSymbols":533}
{"count":533,"level":"info","message":"Scan results saved to Redis","service":"binance-trader","timestamp":"2026-03-09 08:12:25 UTC"}
{"level":"info","message":"Top opportunities sent to Telegram","service":"binance-trader","timestamp":"2026-03-09 08:12:26 UTC"}
{"level":"info","message":"Starting symbol scan...","service":"binance-trader","timestamp":"2026-03-09 08:17:20 UTC"}
{"level":"info","message":"Found 533 USDT perpetual futures symbols","service":"binance-trader","timestamp":"2026-03-09 08:17:20 UTC"}
{"level":"info","message":"Scan progress: 50/533","service":"binance-trader","timestamp":"2026-03-09 08:17:20 UTC"}
{"level":"info","message":"Scan progress: 100/533","service":"binance-trader","timestamp":"2026-03-09 08:17:20 UTC"}
{"level":"info","message":"Scan progress: 150/533","service":"binance-trader","timestamp":"2026-03-09 08:17:21 UTC"}
{"level":"info","message":"Scan progress: 200/533","service":"binance-trader","timestamp":"2026-03-09 08:17:21 UTC"}
{"level":"info","message":"Scan progress: 250/533","service":"binance-trader","timestamp":"2026-03-09 08:17:23 UTC"}
{"level":"info","message":"Scan progress: 300/533","service":"binance-trader","timestamp":"2026-03-09 08:17:23 UTC"}
{"level":"info","message":"Scan progress: 350/533","service":"binance-trader","timestamp":"2026-03-09 08:17:24 UTC"}
{"level":"info","message":"Scan progress: 400/533","service":"binance-trader","timestamp":"2026-03-09 08:17:24 UTC"}
{"level":"info","message":"Scan progress: 450/533","service":"binance-trader","timestamp":"2026-03-09 08:17:24 UTC"}
{"level":"info","message":"Scan progress: 500/533","service":"binance-trader","timestamp":"2026-03-09 08:17:25 UTC"}
{"level":"info","message":"Scan progress: 533/533","service":"binance-trader","timestamp":"2026-03-09 08:17:25 UTC"}
{"level":"info","message":"Symbol scan completed in 5.37s","service":"binance-trader","timestamp":"2026-03-09 08:17:25 UTC","topScore":100,"totalSymbols":533}
{"count":533,"level":"info","message":"Scan results saved to Redis","service":"binance-trader","timestamp":"2026-03-09 08:17:25 UTC"}
{"level":"info","message":"Top opportunities sent to Telegram","service":"binance-trader","timestamp":"2026-03-09 08:17:25 UTC"}
{"level":"info","message":"Starting symbol scan...","service":"binance-trader","timestamp":"2026-03-09 08:22:20 UTC"}
{"level":"info","message":"Found 533 USDT perpetual futures symbols","service":"binance-trader","timestamp":"2026-03-09 08:22:20 UTC"}
{"level":"info","message":"Scan progress: 50/533","service":"binance-trader","timestamp":"2026-03-09 08:22:20 UTC"}
{"level":"info","message":"Scan progress: 100/533","service":"binance-trader","timestamp":"2026-03-09 08:22:20 UTC"}
{"level":"info","message":"Scan progress: 150/533","service":"binance-trader","timestamp":"2026-03-09 08:22:21 UTC"}
{"level":"info","message":"Scan progress: 200/533","service":"binance-trader","timestamp":"2026-03-09 08:22:21 UTC"}
{"level":"info","message":"Scan progress: 250/533","service":"binance-trader","timestamp":"2026-03-09 08:22:21 UTC"}
{"level":"info","message":"Scan progress: 300/533","service":"binance-trader","timestamp":"2026-03-09 08:22:22 UTC"}
{"level":"info","message":"Scan progress: 350/533","service":"binance-trader","timestamp":"2026-03-09 08:22:22 UTC"}
{"level":"info","message":"Scan progress: 400/533","service":"binance-trader","timestamp":"2026-03-09 08:22:22 UTC"}
{"level":"info","message":"Scan progress: 450/533","service":"binance-trader","timestamp":"2026-03-09 08:22:23 UTC"}
{"level":"info","message":"Scan progress: 500/533","service":"binance-trader","timestamp":"2026-03-09 08:22:23 UTC"}
{"level":"info","message":"Scan progress: 533/533","service":"binance-trader","timestamp":"2026-03-09 08:22:23 UTC"}
{"level":"info","message":"Symbol scan completed in 3.75s","service":"binance-trader","timestamp":"2026-03-09 08:22:23 UTC","topScore":100,"totalSymbols":533}
{"count":533,"level":"info","message":"Scan results saved to Redis","service":"binance-trader","timestamp":"2026-03-09 08:22:23 UTC"}
{"level":"info","message":"Top opportunities sent to Telegram","service":"binance-trader","timestamp":"2026-03-09 08:22:24 UTC"}
{"level":"info","message":"Starting symbol scan...","service":"binance-trader","timestamp":"2026-03-09 08:27:20 UTC"}
{"level":"info","message":"Found 533 USDT perpetual futures symbols","service":"binance-trader","timestamp":"2026-03-09 08:27:20 UTC"}
{"level":"info","message":"Scan progress: 50/533","service":"binance-trader","timestamp":"2026-03-09 08:27:20 UTC"}
{"level":"info","message":"Scan progress: 100/533","service":"binance-trader","timestamp":"2026-03-09 08:27:20 UTC"}
{"level":"info","message":"Scan progress: 150/533","service":"binance-trader","timestamp":"2026-03-09 08:27:20 UTC"}
{"level":"info","message":"Scan progress: 200/533","service":"binance-trader","timestamp":"2026-03-09 08:27:21 UTC"}
{"level":"info","message":"Scan progress: 250/533","service":"binance-trader","timestamp":"2026-03-09 08:27:21 UTC"}
{"level":"info","message":"Scan progress: 300/533","service":"binance-trader","timestamp":"2026-03-09 08:27:21 UTC"}
{"level":"info","message":"Scan progress: 350/533","service":"binance-trader","timestamp":"2026-03-09 08:27:22 UTC"}
{"level":"info","message":"Scan progress: 400/533","service":"binance-trader","timestamp":"2026-03-09 08:27:22 UTC"}
{"level":"info","message":"Scan progress: 450/533","service":"binance-trader","timestamp":"2026-03-09 08:27:22 UTC"}
{"level":"info","message":"Scan progress: 500/533","service":"binance-trader","timestamp":"2026-03-09 08:27:23 UTC"}
{"level":"info","message":"Scan progress: 533/533","service":"binance-trader","timestamp":"2026-03-09 08:27:23 UTC"}
{"level":"info","message":"Symbol scan completed in 3.35s","service":"binance-trader","timestamp":"2026-03-09 08:27:23 UTC","topScore":100,"totalSymbols":533}
{"count":533,"level":"info","message":"Scan results saved to Redis","service":"binance-trader","timestamp":"2026-03-09 08:27:23 UTC"}
{"level":"info","message":"Top opportunities sent to Telegram","service":"binance-trader","timestamp":"2026-03-09 08:27:23 UTC"}
{"level":"info","message":"Starting symbol scan...","service":"binance-trader","timestamp":"2026-03-09 08:32:20 UTC"}
{"level":"info","message":"Found 533 USDT perpetual futures symbols","service":"binance-trader","timestamp":"2026-03-09 08:32:20 UTC"}
{"level":"info","message":"Scan progress: 50/533","service":"binance-trader","timestamp":"2026-03-09 08:32:20 UTC"}
{"level":"info","message":"Scan progress: 100/533","service":"binance-trader","timestamp":"2026-03-09 08:32:20 UTC"}
{"level":"info","message":"Scan progress: 150/533","service":"binance-trader","timestamp":"2026-03-09 08:32:21 UTC"}
{"level":"info","message":"Scan progress: 200/533","service":"binance-trader","timestamp":"2026-03-09 08:32:21 UTC"}
{"level":"info","message":"Scan progress: 250/533","service":"binance-trader","timestamp":"2026-03-09 08:32:21 UTC"}
{"level":"info","message":"Scan progress: 300/533","service":"binance-trader","timestamp":"2026-03-09 08:32:22 UTC"}
{"level":"info","message":"Scan progress: 350/533","service":"binance-trader","timestamp":"2026-03-09 08:32:22 UTC"}
{"level":"info","message":"Scan progress: 400/533","service":"binance-trader","timestamp":"2026-03-09 08:32:22 UTC"}
{"level":"info","message":"Scan progress: 450/533","service":"binance-trader","timestamp":"2026-03-09 08:32:23 UTC"}
{"level":"info","message":"Scan progress: 500/533","service":"binance-trader","timestamp":"2026-03-09 08:32:23 UTC"}
{"level":"info","message":"Scan progress: 533/533","service":"binance-trader","timestamp":"2026-03-09 08:32:23 UTC"}
{"level":"info","message":"Symbol scan completed in 3.92s","service":"binance-trader","timestamp":"2026-03-09 08:32:23 UTC","topScore":100,"totalSymbols":533}
{"count":533,"level":"info","message":"Scan results saved to Redis","service":"binance-trader","timestamp":"2026-03-09 08:32:23 UTC"}
{"level":"info","message":"Top opportunities sent to Telegram","service":"binance-trader","timestamp":"2026-03-09 08:32:24 UTC"}
{"level":"info","message":"Starting symbol scan...","service":"binance-trader","timestamp":"2026-03-09 08:37:20 UTC"}
{"level":"info","message":"Found 533 USDT perpetual futures symbols","service":"binance-trader","timestamp":"2026-03-09 08:37:20 UTC"}
{"level":"info","message":"Scan progress: 50/533","service":"binance-trader","timestamp":"2026-03-09 08:37:20 UTC"}
{"level":"info","message":"Scan progress: 100/533","service":"binance-trader","timestamp":"2026-03-09 08:37:20 UTC"}
{"level":"info","message":"Scan progress: 150/533","service":"binance-trader","timestamp":"2026-03-09 08:37:21 UTC"}
{"level":"info","message":"Scan progress: 200/533","service":"binance-trader","timestamp":"2026-03-09 08:37:21 UTC"}
{"level":"info","message":"Scan progress: 250/533","service":"binance-trader","timestamp":"2026-03-09 08:37:21 UTC"}
{"level":"info","message":"Scan progress: 300/533","service":"binance-trader","timestamp":"2026-03-09 08:37:22 UTC"}
{"level":"info","message":"Scan progress: 350/533","service":"binance-trader","timestamp":"2026-03-09 08:37:22 UTC"}
{"level":"info","message":"Scan progress: 400/533","service":"binance-trader","timestamp":"2026-03-09 08:37:22 UTC"}
{"level":"info","message":"Scan progress: 450/533","service":"binance-trader","timestamp":"2026-03-09 08:37:23 UTC"}
{"level":"info","message":"Scan progress: 500/533","service":"binance-trader","timestamp":"2026-03-09 08:37:23 UTC"}
{"level":"info","message":"Scan progress: 533/533","service":"binance-trader","timestamp":"2026-03-09 08:37:23 UTC"}
{"level":"info","message":"Symbol scan completed in 3.90s","service":"binance-trader","timestamp":"2026-03-09 08:37:23 UTC","topScore":100,"totalSymbols":533}
{"count":533,"level":"info","message":"Scan results saved to Redis","service":"binance-trader","timestamp":"2026-03-09 08:37:23 UTC"}
{"level":"info","message":"Top opportunities sent to Telegram","service":"binance-trader","timestamp":"2026-03-09 08:37:24 UTC"}
{"level":"info","message":"Starting symbol scan...","service":"binance-trader","timestamp":"2026-03-09 08:42:20 UTC"}
{"level":"info","message":"Found 533 USDT perpetual futures symbols","service":"binance-trader","timestamp":"2026-03-09 08:42:20 UTC"}
{"level":"info","message":"Scan progress: 50/533","service":"binance-trader","timestamp":"2026-03-09 08:42:20 UTC"}
{"level":"info","message":"Scan progress: 100/533","service":"binance-trader","timestamp":"2026-03-09 08:42:20 UTC"}
{"level":"info","message":"Scan progress: 150/533","service":"binance-trader","timestamp":"2026-03-09 08:42:21 UTC"}
{"level":"info","message":"Scan progress: 200/533","service":"binance-trader","timestamp":"2026-03-09 08:42:21 UTC"}
{"level":"info","message":"Scan progress: 250/533","service":"binance-trader","timestamp":"2026-03-09 08:42:21 UTC"}
{"level":"info","message":"Scan progress: 300/533","service":"binance-trader","timestamp":"2026-03-09 08:42:21 UTC"}
{"level":"info","message":"Scan progress: 350/533","service":"binance-trader","timestamp":"2026-03-09 08:42:22 UTC"}
{"level":"info","message":"Scan progress: 400/533","service":"binance-trader","timestamp":"2026-03-09 08:42:22 UTC"}
{"level":"info","message":"Scan progress: 450/533","service":"binance-trader","timestamp":"2026-03-09 08:42:22 UTC"}
{"level":"info","message":"Scan progress: 500/533","service":"binance-trader","timestamp":"2026-03-09 08:42:23 UTC"}
{"level":"info","message":"Scan progress: 533/533","service":"binance-trader","timestamp":"2026-03-09 08:42:23 UTC"}
{"level":"info","message":"Symbol scan completed in 3.28s","service":"binance-trader","timestamp":"2026-03-09 08:42:23 UTC","topScore":100,"totalSymbols":533}
{"count":533,"level":"info","message":"Scan results saved to Redis","service":"binance-trader","timestamp":"2026-03-09 08:42:23 UTC"}
{"level":"info","message":"Top opportunities sent to Telegram","service":"binance-trader","timestamp":"2026-03-09 08:42:23 UTC"}
{"level":"info","message":"Starting symbol scan...","service":"binance-trader","timestamp":"2026-03-09 08:47:20 UTC"}
{"level":"info","message":"Found 533 USDT perpetual futures symbols","service":"binance-trader","timestamp":"2026-03-09 08:47:20 UTC"}
{"level":"info","message":"Scan progress: 50/533","service":"binance-trader","timestamp":"2026-03-09 08:47:20 UTC"}
{"level":"info","message":"Scan progress: 100/533","service":"binance-trader","timestamp":"2026-03-09 08:47:20 UTC"}
{"level":"info","message":"Scan progress: 150/533","service":"binance-trader","timestamp":"2026-03-09 08:47:21 UTC"}
{"level":"info","message":"Scan progress: 200/533","service":"binance-trader","timestamp":"2026-03-09 08:47:21 UTC"}
{"level":"info","message":"Scan progress: 250/533","service":"binance-trader","timestamp":"2026-03-09 08:47:21 UTC"}
{"level":"info","message":"Scan progress: 300/533","service":"binance-trader","timestamp":"2026-03-09 08:47:22 UTC"}
{"level":"info","message":"Scan progress: 350/533","service":"binance-trader","timestamp":"2026-03-09 08:47:22 UTC"}
{"level":"info","message":"Scan progress: 400/533","service":"binance-trader","timestamp":"2026-03-09 08:47:22 UTC"}
{"level":"info","message":"Scan progress: 450/533","service":"binance-trader","timestamp":"2026-03-09 08:47:23 UTC"}
{"level":"info","message":"Scan progress: 500/533","service":"binance-trader","timestamp":"2026-03-09 08:47:23 UTC"}
{"level":"info","message":"Scan progress: 533/533","service":"binance-trader","timestamp":"2026-03-09 08:47:23 UTC"}
{"level":"info","message":"Symbol scan completed in 3.88s","service":"binance-trader","timestamp":"2026-03-09 08:47:23 UTC","topScore":100,"totalSymbols":533}
{"count":533,"level":"info","message":"Scan results saved to Redis","service":"binance-trader","timestamp":"2026-03-09 08:47:23 UTC"}
{"level":"info","message":"Top opportunities sent to Telegram","service":"binance-trader","timestamp":"2026-03-09 08:47:24 UTC"}
{"level":"info","message":"Starting symbol scan...","service":"binance-trader","timestamp":"2026-03-09 08:52:20 UTC"}
{"level":"info","message":"Found 533 USDT perpetual futures symbols","service":"binance-trader","timestamp":"2026-03-09 08:52:20 UTC"}
{"level":"info","message":"Scan progress: 50/533","service":"binance-trader","timestamp":"2026-03-09 08:52:20 UTC"}
{"level":"info","message":"Scan progress: 100/533","service":"binance-trader","timestamp":"2026-03-09 08:52:20 UTC"}
{"level":"info","message":"Scan progress: 150/533","service":"binance-trader","timestamp":"2026-03-09 08:52:20 UTC"}
{"level":"info","message":"Scan progress: 200/533","service":"binance-trader","timestamp":"2026-03-09 08:52:21 UTC"}
{"level":"info","message":"Scan progress: 250/533","service":"binance-trader","timestamp":"2026-03-09 08:52:21 UTC"}
{"level":"info","message":"Scan progress: 300/533","service":"binance-trader","timestamp":"2026-03-09 08:52:21 UTC"}
{"level":"info","message":"Scan progress: 350/533","service":"binance-trader","timestamp":"2026-03-09 08:52:21 UTC"}
{"level":"info","message":"Scan progress: 400/533","service":"binance-trader","timestamp":"2026-03-09 08:52:22 UTC"}
{"level":"info","message":"Scan progress: 450/533","service":"binance-trader","timestamp":"2026-03-09 08:52:22 UTC"}
{"level":"info","message":"Scan progress: 500/533","service":"binance-trader","timestamp":"2026-03-09 08:52:22 UTC"}
{"level":"info","message":"Scan progress: 533/533","service":"binance-trader","timestamp":"2026-03-09 08:52:23 UTC"}
{"level":"info","message":"Symbol scan completed in 3.07s","service":"binance-trader","timestamp":"2026-03-09 08:52:23 UTC","topScore":100,"totalSymbols":533}
{"count":533,"level":"info","message":"Scan results saved to Redis","service":"binance-trader","timestamp":"2026-03-09 08:52:23 UTC"}
{"level":"info","message":"Top opportunities sent to Telegram","service":"binance-trader","timestamp":"2026-03-09 08:52:23 UTC"}
{"level":"info","message":"Starting symbol scan...","service":"binance-trader","timestamp":"2026-03-09 08:57:20 UTC"}
{"level":"info","message":"Found 533 USDT perpetual futures symbols","service":"binance-trader","timestamp":"2026-03-09 08:57:20 UTC"}
{"level":"info","message":"Scan progress: 50/533","service":"binance-trader","timestamp":"2026-03-09 08:57:20 UTC"}
{"level":"info","message":"Scan progress: 100/533","service":"binance-trader","timestamp":"2026-03-09 08:57:20 UTC"}
{"level":"info","message":"Scan progress: 150/533","service":"binance-trader","timestamp":"2026-03-09 08:57:21 UTC"}
{"level":"info","message":"Scan progress: 200/533","service":"binance-trader","timestamp":"2026-03-09 08:57:21 UTC"}
{"level":"info","message":"Scan progress: 250/533","service":"binance-trader","timestamp":"2026-03-09 08:57:21 UTC"}
{"level":"info","message":"Scan progress: 300/533","service":"binance-trader","timestamp":"2026-03-09 08:57:22 UTC"}
{"level":"info","message":"Scan progress: 350/533","service":"binance-trader","timestamp":"2026-03-09 08:57:22 UTC"}
{"level":"info","message":"Scan progress: 400/533","service":"binance-trader","timestamp":"2026-03-09 08:57:22 UTC"}
{"level":"info","message":"Scan progress: 450/533","service":"binance-trader","timestamp":"2026-03-09 08:57:23 UTC"}
{"level":"info","message":"Scan progress: 500/533","service":"binance-trader","timestamp":"2026-03-09 08:57:23 UTC"}
{"level":"info","message":"Scan progress: 533/533","service":"binance-trader","timestamp":"2026-03-09 08:57:23 UTC"}
{"level":"info","message":"Symbol scan completed in 3.71s","service":"binance-trader","timestamp":"2026-03-09 08:57:23 UTC","topScore":100,"totalSymbols":533}
{"count":533,"level":"info","message":"Scan results saved to Redis","service":"binance-trader","timestamp":"2026-03-09 08:57:23 UTC"}
{"level":"info","message":"Top opportunities sent to Telegram","service":"binance-trader","timestamp":"2026-03-09 08:57:24 UTC"}
{"level":"info","message":"Starting symbol scan...","service":"binance-trader","timestamp":"2026-03-09 09:02:20 UTC"}
{"level":"info","message":"Found 533 USDT perpetual futures symbols","service":"binance-trader","timestamp":"2026-03-09 09:02:20 UTC"}
{"level":"info","message":"Scan progress: 50/533","service":"binance-trader","timestamp":"2026-03-09 09:02:20 UTC"}
{"level":"info","message":"Scan progress: 100/533","service":"binance-trader","timestamp":"2026-03-09 09:02:20 UTC"}
{"level":"info","message":"Scan progress: 150/533","service":"binance-trader","timestamp":"2026-03-09 09:02:21 UTC"}
{"level":"info","message":"Scan progress: 200/533","service":"binance-trader","timestamp":"2026-03-09 09:02:21 UTC"}
{"level":"info","message":"Scan progress: 250/533","service":"binance-trader","timestamp":"2026-03-09 09:02:21 UTC"}
{"level":"info","message":"Scan progress: 300/533","service":"binance-trader","timestamp":"2026-03-09 09:02:22 UTC"}
{"level":"info","message":"Scan progress: 350/533","service":"binance-trader","timestamp":"2026-03-09 09:02:22 UTC"}
{"level":"info","message":"Scan progress: 400/533","service":"binance-trader","timestamp":"2026-03-09 09:02:22 UTC"}
{"level":"info","message":"Scan progress: 450/533","service":"binance-trader","timestamp":"2026-03-09 09:02:23 UTC"}
{"level":"info","message":"Scan progress: 500/533","service":"binance-trader","timestamp":"2026-03-09 09:02:23 UTC"}
{"level":"info","message":"Scan progress: 533/533","service":"binance-trader","timestamp":"2026-03-09 09:02:23 UTC"}
{"level":"info","message":"Symbol scan completed in 3.85s","service":"binance-trader","timestamp":"2026-03-09 09:02:23 UTC","topScore":100,"totalSymbols":533}
{"count":533,"level":"info","message":"Scan results saved to Redis","service":"binance-trader","timestamp":"2026-03-09 09:02:23 UTC"}
{"level":"info","message":"Top opportunities sent to Telegram","service":"binance-trader","timestamp":"2026-03-09 09:02:24 UTC"}
{"level":"info","message":"Starting symbol scan...","service":"binance-trader","timestamp":"2026-03-09 09:07:20 UTC"}
{"level":"info","message":"Found 533 USDT perpetual futures symbols","service":"binance-trader","timestamp":"2026-03-09 09:07:20 UTC"}
{"level":"info","message":"Scan progress: 50/533","service":"binance-trader","timestamp":"2026-03-09 09:07:20 UTC"}
{"level":"info","message":"Scan progress: 100/533","service":"binance-trader","timestamp":"2026-03-09 09:07:20 UTC"}
{"level":"info","message":"Scan progress: 150/533","service":"binance-trader","timestamp":"2026-03-09 09:07:20 UTC"}
{"level":"info","message":"Scan progress: 200/533","service":"binance-trader","timestamp":"2026-03-09 09:07:21 UTC"}
{"level":"info","message":"Scan progress: 250/533","service":"binance-trader","timestamp":"2026-03-09 09:07:23 UTC"}
{"level":"info","message":"Scan progress: 300/533","service":"binance-trader","timestamp":"2026-03-09 09:07:23 UTC"}
{"level":"info","message":"Scan progress: 350/533","service":"binance-trader","timestamp":"2026-03-09 09:07:23 UTC"}
{"level":"info","message":"Scan progress: 400/533","service":"binance-trader","timestamp":"2026-03-09 09:07:24 UTC"}
{"level":"info","message":"Scan progress: 450/533","service":"binance-trader","timestamp":"2026-03-09 09:07:24 UTC"}
{"level":"info","message":"Scan progress: 500/533","service":"binance-trader","timestamp":"2026-03-09 09:07:24 UTC"}
{"level":"info","message":"Scan progress: 533/533","service":"binance-trader","timestamp":"2026-03-09 09:07:25 UTC"}
{"level":"info","message":"Symbol scan completed in 5.24s","service":"binance-trader","timestamp":"2026-03-09 09:07:25 UTC","topScore":100,"totalSymbols":533}
{"count":533,"level":"info","message":"Scan results saved to Redis","service":"binance-trader","timestamp":"2026-03-09 09:07:25 UTC"}
{"level":"info","message":"Top opportunities sent to Telegram","service":"binance-trader","timestamp":"2026-03-09 09:07:25 UTC"}
{"level":"info","message":"Starting symbol scan...","service":"binance-trader","timestamp":"2026-03-09 09:12:20 UTC"}
{"level":"info","message":"Found 533 USDT perpetual futures symbols","service":"binance-trader","timestamp":"2026-03-09 09:12:20 UTC"}
{"level":"info","message":"Scan progress: 50/533","service":"binance-trader","timestamp":"2026-03-09 09:12:20 UTC"}
{"level":"info","message":"Scan progress: 100/533","service":"binance-trader","timestamp":"2026-03-09 09:12:20 UTC"}
{"level":"info","message":"Scan progress: 150/533","service":"binance-trader","timestamp":"2026-03-09 09:12:21 UTC"}
{"level":"info","message":"Scan progress: 200/533","service":"binance-trader","timestamp":"2026-03-09 09:12:21 UTC"}
{"level":"info","message":"Scan progress: 250/533","service":"binance-trader","timestamp":"2026-03-09 09:12:21 UTC"}
{"level":"info","message":"Scan progress: 300/533","service":"binance-trader","timestamp":"2026-03-09 09:12:22 UTC"}
{"level":"info","message":"Scan progress: 350/533","service":"binance-trader","timestamp":"2026-03-09 09:12:22 UTC"}
{"level":"info","message":"Scan progress: 400/533","service":"binance-trader","timestamp":"2026-03-09 09:12:22 UTC"}
{"level":"info","message":"Scan progress: 450/533","service":"binance-trader","timestamp":"2026-03-09 09:12:23 UTC"}
{"level":"info","message":"Scan progress: 500/533","service":"binance-trader","timestamp":"2026-03-09 09:12:23 UTC"}
{"level":"info","message":"Scan progress: 533/533","service":"binance-trader","timestamp":"2026-03-09 09:12:23 UTC"}
{"level":"info","message":"Symbol scan completed in 3.78s","service":"binance-trader","timestamp":"2026-03-09 09:12:23 UTC","topScore":100,"totalSymbols":533}
{"count":533,"level":"info","message":"Scan results saved to Redis","service":"binance-trader","timestamp":"2026-03-09 09:12:23 UTC"}
{"level":"info","message":"Top opportunities sent to Telegram","service":"binance-trader","timestamp":"2026-03-09 09:12:24 UTC"}
{"level":"info","message":"Starting symbol scan...","service":"binance-trader","timestamp":"2026-03-09 09:17:20 UTC"}
{"level":"info","message":"Found 533 USDT perpetual futures symbols","service":"binance-trader","timestamp":"2026-03-09 09:17:20 UTC"}
{"level":"info","message":"Scan progress: 50/533","service":"binance-trader","timestamp":"2026-03-09 09:17:20 UTC"}
{"level":"info","message":"Scan progress: 100/533","service":"binance-trader","timestamp":"2026-03-09 09:17:20 UTC"}
{"level":"info","message":"Scan progress: 150/533","service":"binance-trader","timestamp":"2026-03-09 09:17:21 UTC"}
{"level":"info","message":"Scan progress: 200/533","service":"binance-trader","timestamp":"2026-03-09 09:17:21 UTC"}
{"level":"info","message":"Scan progress: 250/533","service":"binance-trader","timestamp":"2026-03-09 09:17:21 UTC"}
{"level":"info","message":"Scan progress: 300/533","service":"binance-trader","timestamp":"2026-03-09 09:17:22 UTC"}
{"level":"info","message":"Scan progress: 350/533","service":"binance-trader","timestamp":"2026-03-09 09:17:22 UTC"}
{"level":"info","message":"Scan progress: 400/533","service":"binance-trader","timestamp":"2026-03-09 09:17:22 UTC"}
{"level":"info","message":"Scan progress: 450/533","service":"binance-trader","timestamp":"2026-03-09 09:17:23 UTC"}
{"level":"info","message":"Scan progress: 500/533","service":"binance-trader","timestamp":"2026-03-09 09:17:23 UTC"}
{"level":"info","message":"Scan progress: 533/533","service":"binance-trader","timestamp":"2026-03-09 09:17:24 UTC"}
{"level":"info","message":"Symbol scan completed in 4.07s","service":"binance-trader","timestamp":"2026-03-09 09:17:24 UTC","topScore":100,"totalSymbols":533}
{"count":533,"level":"info","message":"Scan results saved to Redis","service":"binance-trader","timestamp":"2026-03-09 09:17:24 UTC"}
{"level":"info","message":"Top opportunities sent to Telegram","service":"binance-trader","timestamp":"2026-03-09 09:17:24 UTC"}
{"level":"info","message":"Starting symbol scan...","service":"binance-trader","timestamp":"2026-03-09 09:22:20 UTC"}
{"level":"info","message":"Found 533 USDT perpetual futures symbols","service":"binance-trader","timestamp":"2026-03-09 09:22:20 UTC"}
{"level":"info","message":"Scan progress: 50/533","service":"binance-trader","timestamp":"2026-03-09 09:22:20 UTC"}
{"level":"info","message":"Scan progress: 100/533","service":"binance-trader","timestamp":"2026-03-09 09:22:20 UTC"}
{"level":"info","message":"Scan progress: 150/533","service":"binance-trader","timestamp":"2026-03-09 09:22:21 UTC"}
{"level":"info","message":"Scan progress: 200/533","service":"binance-trader","timestamp":"2026-03-09 09:22:21 UTC"}
{"level":"info","message":"Scan progress: 250/533","service":"binance-trader","timestamp":"2026-03-09 09:22:21 UTC"}
{"level":"info","message":"Scan progress: 300/533","service":"binance-trader","timestamp":"2026-03-09 09:22:21 UTC"}
{"level":"info","message":"Scan progress: 350/533","service":"binance-trader","timestamp":"2026-03-09 09:22:22 UTC"}
{"level":"info","message":"Scan progress: 400/533","service":"binance-trader","timestamp":"2026-03-09 09:22:22 UTC"}
{"level":"info","message":"Scan progress: 450/533","service":"binance-trader","timestamp":"2026-03-09 09:22:22 UTC"}
{"level":"info","message":"Scan progress: 500/533","service":"binance-trader","timestamp":"2026-03-09 09:22:23 UTC"}
{"level":"info","message":"Scan progress: 533/533","service":"binance-trader","timestamp":"2026-03-09 09:22:23 UTC"}
{"level":"info","message":"Symbol scan completed in 3.39s","service":"binance-trader","timestamp":"2026-03-09 09:22:23 UTC","topScore":100,"totalSymbols":533}
{"count":533,"level":"info","message":"Scan results saved to Redis","service":"binance-trader","timestamp":"2026-03-09 09:22:23 UTC"}
{"level":"info","message":"Top opportunities sent to Telegram","service":"binance-trader","timestamp":"2026-03-09 09:22:23 UTC"}
{"level":"info","message":"Starting symbol scan...","service":"binance-trader","timestamp":"2026-03-09 09:27:20 UTC"}
{"level":"info","message":"Found 533 USDT perpetual futures symbols","service":"binance-trader","timestamp":"2026-03-09 09:27:20 UTC"}
{"level":"info","message":"Scan progress: 50/533","service":"binance-trader","timestamp":"2026-03-09 09:27:20 UTC"}
{"level":"info","message":"Scan progress: 100/533","service":"binance-trader","timestamp":"2026-03-09 09:27:20 UTC"}
{"level":"info","message":"Scan progress: 150/533","service":"binance-trader","timestamp":"2026-03-09 09:27:21 UTC"}
{"level":"info","message":"Scan progress: 200/533","service":"binance-trader","timestamp":"2026-03-09 09:27:21 UTC"}
{"level":"info","message":"Scan progress: 250/533","service":"binance-trader","timestamp":"2026-03-09 09:27:21 UTC"}
{"level":"info","message":"Scan progress: 300/533","service":"binance-trader","timestamp":"2026-03-09 09:27:22 UTC"}
{"level":"info","message":"Scan progress: 350/533","service":"binance-trader","timestamp":"2026-03-09 09:27:22 UTC"}
{"level":"info","message":"Scan progress: 400/533","service":"binance-trader","timestamp":"2026-03-09 09:27:22 UTC"}
{"level":"info","message":"Scan progress: 450/533","service":"binance-trader","timestamp":"2026-03-09 09:27:23 UTC"}
{"level":"info","message":"Scan progress: 500/533","service":"binance-trader","timestamp":"2026-03-09 09:27:23 UTC"}
{"level":"info","message":"Scan progress: 533/533","service":"binance-trader","timestamp":"2026-03-09 09:27:23 UTC"}
{"level":"info","message":"Symbol scan completed in 3.74s","service":"binance-trader","timestamp":"2026-03-09 09:27:23 UTC","topScore":100,"totalSymbols":533}
{"count":533,"level":"info","message":"Scan results saved to Redis","service":"binance-trader","timestamp":"2026-03-09 09:27:23 UTC"}
{"level":"info","message":"Top opportunities sent to Telegram","service":"binance-trader","timestamp":"2026-03-09 09:27:24 UTC"}
{"level":"info","message":"Starting symbol scan...","service":"binance-trader","timestamp":"2026-03-09 09:32:20 UTC"}
{"level":"info","message":"Found 533 USDT perpetual futures symbols","service":"binance-trader","timestamp":"2026-03-09 09:32:20 UTC"}
{"level":"info","message":"Scan progress: 50/533","service":"binance-trader","timestamp":"2026-03-09 09:32:20 UTC"}
{"level":"info","message":"Scan progress: 100/533","service":"binance-trader","timestamp":"2026-03-09 09:32:20 UTC"}
{"level":"info","message":"Scan progress: 150/533","service":"binance-trader","timestamp":"2026-03-09 09:32:21 UTC"}
{"level":"info","message":"Scan progress: 200/533","service":"binance-trader","timestamp":"2026-03-09 09:32:21 UTC"}
{"level":"info","message":"Scan progress: 250/533","service":"binance-trader","timestamp":"2026-03-09 09:32:21 UTC"}
{"level":"info","message":"Scan progress: 300/533","service":"binance-trader","timestamp":"2026-03-09 09:32:22 UTC"}
{"level":"info","message":"Scan progress: 350/533","service":"binance-trader","timestamp":"2026-03-09 09:32:22 UTC"}
{"level":"info","message":"Scan progress: 400/533","service":"binance-trader","timestamp":"2026-03-09 09:32:22 UTC"}
{"level":"info","message":"Scan progress: 450/533","service":"binance-trader","timestamp":"2026-03-09 09:32:23 UTC"}
{"level":"info","message":"Scan progress: 500/533","service":"binance-trader","timestamp":"2026-03-09 09:32:23 UTC"}
{"level":"info","message":"Scan progress: 533/533","service":"binance-trader","timestamp":"2026-03-09 09:32:23 UTC"}
{"level":"info","message":"Symbol scan completed in 3.68s","service":"binance-trader","timestamp":"2026-03-09 09:32:23 UTC","topScore":100,"totalSymbols":533}
{"count":533,"level":"info","message":"Scan results saved to Redis","service":"binance-trader","timestamp":"2026-03-09 09:32:23 UTC"}
{"level":"info","message":"Top opportunities sent to Telegram","service":"binance-trader","timestamp":"2026-03-09 09:32:24 UTC"}
{"level":"info","message":"Starting symbol scan...","service":"binance-trader","timestamp":"2026-03-09 09:37:20 UTC"}
{"level":"info","message":"Found 533 USDT perpetual futures symbols","service":"binance-trader","timestamp":"2026-03-09 09:37:20 UTC"}
{"level":"info","message":"Scan progress: 50/533","service":"binance-trader","timestamp":"2026-03-09 09:37:20 UTC"}
{"level":"info","message":"Scan progress: 100/533","service":"binance-trader","timestamp":"2026-03-09 09:37:20 UTC"}
{"level":"info","message":"Scan progress: 150/533","service":"binance-trader","timestamp":"2026-03-09 09:37:21 UTC"}
{"level":"info","message":"Scan progress: 200/533","service":"binance-trader","timestamp":"2026-03-09 09:37:21 UTC"}
{"level":"info","message":"Scan progress: 250/533","service":"binance-trader","timestamp":"2026-03-09 09:37:21 UTC"}
{"level":"info","message":"Scan progress: 300/533","service":"binance-trader","timestamp":"2026-03-09 09:37:22 UTC"}
{"level":"info","message":"Scan progress: 350/533","service":"binance-trader","timestamp":"2026-03-09 09:37:22 UTC"}
{"level":"info","message":"Scan progress: 400/533","service":"binance-trader","timestamp":"2026-03-09 09:37:22 UTC"}
{"level":"info","message":"Scan progress: 450/533","service":"binance-trader","timestamp":"2026-03-09 09:37:22 UTC"}
{"level":"info","message":"Scan progress: 500/533","service":"binance-trader","timestamp":"2026-03-09 09:37:23 UTC"}
{"level":"info","message":"Scan progress: 533/533","service":"binance-trader","timestamp":"2026-03-09 09:37:23 UTC"}
{"level":"info","message":"Symbol scan completed in 3.61s","service":"binance-trader","timestamp":"2026-03-09 09:37:23 UTC","topScore":100,"totalSymbols":533}
{"count":533,"level":"info","message":"Scan results saved to Redis","service":"binance-trader","timestamp":"2026-03-09 09:37:23 UTC"}
{"level":"info","message":"Top opportunities sent to Telegram","service":"binance-trader","timestamp":"2026-03-09 09:37:24 UTC"}
{"level":"info","message":"Starting symbol scan...","service":"binance-trader","timestamp":"2026-03-09 09:42:20 UTC"}
{"level":"info","message":"Found 533 USDT perpetual futures symbols","service":"binance-trader","timestamp":"2026-03-09 09:42:20 UTC"}
{"level":"info","message":"Scan progress: 50/533","service":"binance-trader","timestamp":"2026-03-09 09:42:20 UTC"}
{"level":"info","message":"Scan progress: 100/533","service":"binance-trader","timestamp":"2026-03-09 09:42:20 UTC"}
{"level":"info","message":"Scan progress: 150/533","service":"binance-trader","timestamp":"2026-03-09 09:42:21 UTC"}
{"level":"info","message":"Scan progress: 200/533","service":"binance-trader","timestamp":"2026-03-09 09:42:21 UTC"}
{"level":"info","message":"Scan progress: 250/533","service":"binance-trader","timestamp":"2026-03-09 09:42:21 UTC"}
{"level":"info","message":"Scan progress: 300/533","service":"binance-trader","timestamp":"2026-03-09 09:42:22 UTC"}
{"level":"info","message":"Scan progress: 350/533","service":"binance-trader","timestamp":"2026-03-09 09:42:22 UTC"}
{"level":"info","message":"Scan progress: 400/533","service":"binance-trader","timestamp":"2026-03-09 09:42:22 UTC"}
{"level":"info","message":"Scan progress: 450/533","service":"binance-trader","timestamp":"2026-03-09 09:42:23 UTC"}
{"level":"info","message":"Scan progress: 500/533","service":"binance-trader","timestamp":"2026-03-09 09:42:23 UTC"}
{"level":"info","message":"Scan progress: 533/533","service":"binance-trader","timestamp":"2026-03-09 09:42:23 UTC"}
{"level":"info","message":"Symbol scan completed in 3.76s","service":"binance-trader","timestamp":"2026-03-09 09:42:23 UTC","topScore":100,"totalSymbols":533}
{"count":533,"level":"info","message":"Scan results saved to Redis","service":"binance-trader","timestamp":"2026-03-09 09:42:23 UTC"}
{"level":"info","message":"Top opportunities sent to Telegram","service":"binance-trader","timestamp":"2026-03-09 09:42:24 UTC"}
{"level":"info","message":"Starting symbol scan...","service":"binance-trader","timestamp":"2026-03-09 09:47:20 UTC"}
{"level":"info","message":"Found 533 USDT perpetual futures symbols","service":"binance-trader","timestamp":"2026-03-09 09:47:20 UTC"}
{"level":"info","message":"Scan progress: 50/533","service":"binance-trader","timestamp":"2026-03-09 09:47:20 UTC"}
{"level":"info","message":"Scan progress: 100/533","service":"binance-trader","timestamp":"2026-03-09 09:47:20 UTC"}
{"level":"info","message":"Scan progress: 150/533","service":"binance-trader","timestamp":"2026-03-09 09:47:21 UTC"}
{"level":"info","message":"Scan progress: 200/533","service":"binance-trader","timestamp":"2026-03-09 09:47:21 UTC"}
{"level":"info","message":"Scan progress: 250/533","service":"binance-trader","timestamp":"2026-03-09 09:47:21 UTC"}
{"level":"info","message":"Scan progress: 300/533","service":"binance-trader","timestamp":"2026-03-09 09:47:22 UTC"}
{"level":"info","message":"Scan progress: 350/533","service":"binance-trader","timestamp":"2026-03-09 09:47:22 UTC"}
{"level":"info","message":"Scan progress: 400/533","service":"binance-trader","timestamp":"2026-03-09 09:47:23 UTC"}
{"level":"info","message":"Scan progress: 450/533","service":"binance-trader","timestamp":"2026-03-09 09:47:23 UTC"}
{"level":"info","message":"Scan progress: 500/533","service":"binance-trader","timestamp":"2026-03-09 09:47:23 UTC"}
{"level":"info","message":"Scan progress: 533/533","service":"binance-trader","timestamp":"2026-03-09 09:47:23 UTC"}
{"level":"info","message":"Symbol scan completed in 3.99s","service":"binance-trader","timestamp":"2026-03-09 09:47:23 UTC","topScore":100,"totalSymbols":533}
{"count":533,"level":"info","message":"Scan results saved to Redis","service":"binance-trader","timestamp":"2026-03-09 09:47:24 UTC"}
{"level":"info","message":"Top opportunities sent to Telegram","service":"binance-trader","timestamp":"2026-03-09 09:47:24 UTC"}
{"level":"info","message":"Starting symbol scan...","service":"binance-trader","timestamp":"2026-03-09 09:52:20 UTC"}
{"level":"info","message":"Found 533 USDT perpetual futures symbols","service":"binance-trader","timestamp":"2026-03-09 09:52:20 UTC"}
{"level":"info","message":"Scan progress: 50/533","service":"binance-trader","timestamp":"2026-03-09 09:52:20 UTC"}
{"level":"info","message":"Scan progress: 100/533","service":"binance-trader","timestamp":"2026-03-09 09:52:20 UTC"}
{"level":"info","message":"Scan progress: 150/533","service":"binance-trader","timestamp":"2026-03-09 09:52:21 UTC"}
{"level":"info","message":"Scan progress: 200/533","service":"binance-trader","timestamp":"2026-03-09 09:52:21 UTC"}
{"level":"info","message":"Scan progress: 250/533","service":"binance-trader","timestamp":"2026-03-09 09:52:21 UTC"}
{"level":"info","message":"Scan progress: 300/533","service":"binance-trader","timestamp":"2026-03-09 09:52:22 UTC"}
{"level":"info","message":"Scan progress: 350/533","service":"binance-trader","timestamp":"2026-03-09 09:52:22 UTC"}
{"level":"info","message":"Scan progress: 400/533","service":"binance-trader","timestamp":"2026-03-09 09:52:22 UTC"}
{"level":"info","message":"Scan progress: 450/533","service":"binance-trader","timestamp":"2026-03-09 09:52:23 UTC"}
{"level":"info","message":"Scan progress: 500/533","service":"binance-trader","timestamp":"2026-03-09 09:52:23 UTC"}
{"level":"info","message":"Scan progress: 533/533","service":"binance-trader","timestamp":"2026-03-09 09:52:23 UTC"}
{"level":"info","message":"Symbol scan completed in 3.74s","service":"binance-trader","timestamp":"2026-03-09 09:52:23 UTC","topScore":100,"totalSymbols":533}
{"count":533,"level":"info","message":"Scan results saved to Redis","service":"binance-trader","timestamp":"2026-03-09 09:52:23 UTC"}
{"level":"info","message":"Top opportunities sent to Telegram","service":"binance-trader","timestamp":"2026-03-09 09:52:24 UTC"}
{"level":"info","message":"Starting symbol scan...","service":"binance-trader","timestamp":"2026-03-09 09:57:20 UTC"}
{"level":"info","message":"Found 533 USDT perpetual futures symbols","service":"binance-trader","timestamp":"2026-03-09 09:57:20 UTC"}
{"level":"info","message":"Scan progress: 50/533","service":"binance-trader","timestamp":"2026-03-09 09:57:20 UTC"}
{"level":"info","message":"Scan progress: 100/533","service":"binance-trader","timestamp":"2026-03-09 09:57:20 UTC"}
{"level":"info","message":"Scan progress: 150/533","service":"binance-trader","timestamp":"2026-03-09 09:57:21 UTC"}
{"level":"info","message":"Scan progress: 200/533","service":"binance-trader","timestamp":"2026-03-09 09:57:21 UTC"}
{"level":"info","message":"Scan progress: 250/533","service":"binance-trader","timestamp":"2026-03-09 09:57:21 UTC"}
{"level":"info","message":"Scan progress: 300/533","service":"binance-trader","timestamp":"2026-03-09 09:57:21 UTC"}
{"level":"info","message":"Scan progress: 350/533","service":"binance-trader","timestamp":"2026-03-09 09:57:22 UTC"}
{"level":"info","message":"Scan progress: 400/533","service":"binance-trader","timestamp":"2026-03-09 09:57:22 UTC"}
{"level":"info","message":"Scan progress: 450/533","service":"binance-trader","timestamp":"2026-03-09 09:57:22 UTC"}
{"level":"info","message":"Scan progress: 500/533","service":"binance-trader","timestamp":"2026-03-09 09:57:23 UTC"}
{"level":"info","message":"Scan progress: 533/533","service":"binance-trader","timestamp":"2026-03-09 09:57:23 UTC"}
{"level":"info","message":"Symbol scan completed in 3.56s","service":"binance-trader","timestamp":"2026-03-09 09:57:23 UTC","topScore":100,"totalSymbols":533}
{"count":533,"level":"info","message":"Scan results saved to Redis","service":"binance-trader","timestamp":"2026-03-09 09:57:23 UTC"}
{"level":"info","message":"Top opportunities sent to Telegram","service":"binance-trader","timestamp":"2026-03-09 09:57:23 UTC"}
{"level":"info","message":"Starting symbol scan...","service":"binance-trader","timestamp":"2026-03-09 10:02:20 UTC"}
{"level":"info","message":"Found 533 USDT perpetual futures symbols","service":"binance-trader","timestamp":"2026-03-09 10:02:20 UTC"}
{"level":"info","message":"Scan progress: 50/533","service":"binance-trader","timestamp":"2026-03-09 10:02:20 UTC"}
{"level":"info","message":"Scan progress: 100/533","service":"binance-trader","timestamp":"2026-03-09 10:02:20 UTC"}
{"level":"info","message":"Scan progress: 150/533","service":"binance-trader","timestamp":"2026-03-09 10:02:21 UTC"}
{"level":"info","message":"Scan progress: 200/533","service":"binance-trader","timestamp":"2026-03-09 10:02:21 UTC"}
{"level":"info","message":"Scan progress: 250/533","service":"binance-trader","timestamp":"2026-03-09 10:02:21 UTC"}
{"level":"info","message":"Scan progress: 300/533","service":"binance-trader","timestamp":"2026-03-09 10:02:22 UTC"}
{"level":"info","message":"Scan progress: 350/533","service":"binance-trader","timestamp":"2026-03-09 10:02:22 UTC"}
{"level":"info","message":"Scan progress: 400/533","service":"binance-trader","timestamp":"2026-03-09 10:02:22 UTC"}
{"level":"info","message":"Scan progress: 450/533","service":"binance-trader","timestamp":"2026-03-09 10:02:23 UTC"}
{"level":"info","message":"Scan progress: 500/533","service":"binance-trader","timestamp":"2026-03-09 10:02:23 UTC"}
{"level":"info","message":"Scan progress: 533/533","service":"binance-trader","timestamp":"2026-03-09 10:02:23 UTC"}
{"level":"info","message":"Symbol scan completed in 3.49s","service":"binance-trader","timestamp":"2026-03-09 10:02:23 UTC","topScore":95,"totalSymbols":533}
{"count":533,"level":"info","message":"Scan results saved to Redis","service":"binance-trader","timestamp":"2026-03-09 10:02:23 UTC"}
{"level":"info","message":"Top opportunities sent to Telegram","service":"binance-trader","timestamp":"2026-03-09 10:02:23 UTC"}
{"level":"info","message":"Starting symbol scan...","service":"binance-trader","timestamp":"2026-03-09 10:07:20 UTC"}
{"level":"info","message":"Found 533 USDT perpetual futures symbols","service":"binance-trader","timestamp":"2026-03-09 10:07:20 UTC"}
{"level":"info","message":"Scan progress: 50/533","service":"binance-trader","timestamp":"2026-03-09 10:07:21 UTC"}
{"level":"info","message":"Scan progress: 100/533","service":"binance-trader","timestamp":"2026-03-09 10:07:21 UTC"}
{"level":"info","message":"Scan progress: 150/533","service":"binance-trader","timestamp":"2026-03-09 10:07:21 UTC"}
{"level":"info","message":"Scan progress: 200/533","service":"binance-trader","timestamp":"2026-03-09 10:07:22 UTC"}
{"level":"info","message":"Scan progress: 250/533","service":"binance-trader","timestamp":"2026-03-09 10:07:22 UTC"}
{"level":"info","message":"Scan progress: 300/533","service":"binance-trader","timestamp":"2026-03-09 10:07:22 UTC"}
{"level":"info","message":"Scan progress: 350/533","service":"binance-trader","timestamp":"2026-03-09 10:07:23 UTC"}
{"level":"info","message":"Scan progress: 400/533","service":"binance-trader","timestamp":"2026-03-09 10:07:23 UTC"}
{"level":"info","message":"Scan progress: 450/533","service":"binance-trader","timestamp":"2026-03-09 10:07:23 UTC"}
{"level":"info","message":"Scan progress: 500/533","service":"binance-trader","timestamp":"2026-03-09 10:07:23 UTC"}
{"level":"info","message":"Scan progress: 533/533","service":"binance-trader","timestamp":"2026-03-09 10:07:24 UTC"}
{"level":"info","message":"Symbol scan completed in 4.13s","service":"binance-trader","timestamp":"2026-03-09 10:07:24 UTC","topScore":100,"totalSymbols":533}
{"count":533,"level":"info","message":"Scan results saved to Redis","service":"binance-trader","timestamp":"2026-03-09 10:07:24 UTC"}
{"level":"info","message":"Top opportunities sent to Telegram","service":"binance-trader","timestamp":"2026-03-09 10:07:24 UTC"}
{"level":"info","message":"Starting symbol scan...","service":"binance-trader","timestamp":"2026-03-09 10:12:20 UTC"}
{"level":"info","message":"Found 533 USDT perpetual futures symbols","service":"binance-trader","timestamp":"2026-03-09 10:12:20 UTC"}
{"level":"info","message":"Scan progress: 50/533","service":"binance-trader","timestamp":"2026-03-09 10:12:20 UTC"}
{"level":"info","message":"Scan progress: 100/533","service":"binance-trader","timestamp":"2026-03-09 10:12:20 UTC"}
{"level":"info","message":"Scan progress: 150/533","service":"binance-trader","timestamp":"2026-03-09 10:12:20 UTC"}
{"level":"info","message":"Scan progress: 200/533","service":"binance-trader","timestamp":"2026-03-09 10:12:21 UTC"}
{"level":"info","message":"Scan progress: 250/533","service":"binance-trader","timestamp":"2026-03-09 10:12:21 UTC"}
{"level":"info","message":"Scan progress: 300/533","service":"binance-trader","timestamp":"2026-03-09 10:12:21 UTC"}
{"level":"info","message":"Scan progress: 350/533","service":"binance-trader","timestamp":"2026-03-09 10:12:22 UTC"}
{"level":"info","message":"Scan progress: 400/533","service":"binance-trader","timestamp":"2026-03-09 10:12:22 UTC"}
{"level":"info","message":"Scan progress: 450/533","service":"binance-trader","timestamp":"2026-03-09 10:12:22 UTC"}
{"level":"info","message":"Scan progress: 500/533","service":"binance-trader","timestamp":"2026-03-09 10:12:23 UTC"}
{"level":"info","message":"Scan progress: 533/533","service":"binance-trader","timestamp":"2026-03-09 10:12:23 UTC"}
{"level":"info","message":"Symbol scan completed in 3.54s","service":"binance-trader","timestamp":"2026-03-09 10:12:23 UTC","topScore":100,"totalSymbols":533}
{"count":533,"level":"info","message":"Scan results saved to Redis","service":"binance-trader","timestamp":"2026-03-09 10:12:23 UTC"}
{"level":"info","message":"Top opportunities sent to Telegram","service":"binance-trader","timestamp":"2026-03-09 10:12:23 UTC"}
{"level":"info","message":"Starting symbol scan...","service":"binance-trader","timestamp":"2026-03-09 10:17:20 UTC"}
{"level":"info","message":"Found 533 USDT perpetual futures symbols","service":"binance-trader","timestamp":"2026-03-09 10:17:20 UTC"}
{"level":"info","message":"Scan progress: 50/533","service":"binance-trader","timestamp":"2026-03-09 10:17:20 UTC"}
{"level":"info","message":"Scan progress: 100/533","service":"binance-trader","timestamp":"2026-03-09 10:17:20 UTC"}
{"level":"info","message":"Scan progress: 150/533","service":"binance-trader","timestamp":"2026-03-09 10:17:21 UTC"}
{"level":"info","message":"Scan progress: 200/533","service":"binance-trader","timestamp":"2026-03-09 10:17:21 UTC"}
{"level":"info","message":"Scan progress: 250/533","service":"binance-trader","timestamp":"2026-03-09 10:17:21 UTC"}
{"level":"info","message":"Scan progress: 300/533","service":"binance-trader","timestamp":"2026-03-09 10:17:22 UTC"}
{"level":"info","message":"Scan progress: 350/533","service":"binance-trader","timestamp":"2026-03-09 10:17:22 UTC"}
{"level":"info","message":"Scan progress: 400/533","service":"binance-trader","timestamp":"2026-03-09 10:17:22 UTC"}
{"level":"info","message":"Scan progress: 450/533","service":"binance-trader","timestamp":"2026-03-09 10:17:23 UTC"}
{"level":"info","message":"Scan progress: 500/533","service":"binance-trader","timestamp":"2026-03-09 10:17:23 UTC"}
{"level":"info","message":"Scan progress: 533/533","service":"binance-trader","timestamp":"2026-03-09 10:17:23 UTC"}
{"level":"info","message":"Symbol scan completed in 3.90s","service":"binance-trader","timestamp":"2026-03-09 10:17:23 UTC","topScore":100,"totalSymbols":533}
{"count":533,"level":"info","message":"Scan results saved to Redis","service":"binance-trader","timestamp":"2026-03-09 10:17:23 UTC"}
{"level":"info","message":"Top opportunities sent to Telegram","service":"binance-trader","timestamp":"2026-03-09 10:17:24 UTC"}
{"level":"info","message":"Redis connected","service":"binance-trader","timestamp":"2026-03-09 10:21:08 UTC"}
{"level":"info","message":"Starting symbol scan...","service":"binance-trader","timestamp":"2026-03-09 10:22:20 UTC"}
{"level":"info","message":"Found 533 USDT perpetual futures symbols","service":"binance-trader","timestamp":"2026-03-09 10:22:20 UTC"}
{"level":"info","message":"Scan progress: 50/533","service":"binance-trader","timestamp":"2026-03-09 10:22:20 UTC"}
{"level":"info","message":"Scan progress: 100/533","service":"binance-trader","timestamp":"2026-03-09 10:22:20 UTC"}
{"level":"info","message":"Scan progress: 150/533","service":"binance-trader","timestamp":"2026-03-09 10:22:21 UTC"}
{"level":"info","message":"Scan progress: 200/533","service":"binance-trader","timestamp":"2026-03-09 10:22:21 UTC"}
{"level":"info","message":"Scan progress: 250/533","service":"binance-trader","timestamp":"2026-03-09 10:22:21 UTC"}
{"level":"info","message":"Scan progress: 300/533","service":"binance-trader","timestamp":"2026-03-09 10:22:22 UTC"}
{"level":"info","message":"Scan progress: 350/533","service":"binance-trader","timestamp":"2026-03-09 10:22:22 UTC"}
{"level":"info","message":"Scan progress: 400/533","service":"binance-trader","timestamp":"2026-03-09 10:22:22 UTC"}
{"level":"info","message":"Scan progress: 450/533","service":"binance-trader","timestamp":"2026-03-09 10:22:23 UTC"}
{"level":"info","message":"Scan progress: 500/533","service":"binance-trader","timestamp":"2026-03-09 10:22:23 UTC"}
{"level":"info","message":"Scan progress: 533/533","service":"binance-trader","timestamp":"2026-03-09 10:22:23 UTC"}
{"level":"info","message":"Symbol scan completed in 3.94s","service":"binance-trader","timestamp":"2026-03-09 10:22:23 UTC","topScore":100,"totalSymbols":533}
{"count":533,"level":"info","message":"Scan results saved to Redis","service":"binance-trader","timestamp":"2026-03-09 10:22:24 UTC"}
{"level":"info","message":"Top opportunities sent to Telegram","service":"binance-trader","timestamp":"2026-03-09 10:22:24 UTC"}
{"level":"info","message":"Redis connected","service":"binance-trader","timestamp":"2026-03-09 10:22:26 UTC"}
{"level":"info","message":"Redis connected","service":"binance-trader","timestamp":"2026-03-09 10:22:47 UTC"}
{"level":"info","message":"Redis connected","service":"binance-trader","timestamp":"2026-03-09 10:23:37 UTC"}
{"level":"info","message":"Starting symbol scan...","service":"binance-trader","timestamp":"2026-03-09 10:27:20 UTC"}
{"level":"info","message":"Found 533 USDT perpetual futures symbols","service":"binance-trader","timestamp":"2026-03-09 10:27:20 UTC"}
{"level":"info","message":"Scan progress: 50/533","service":"binance-trader","timestamp":"2026-03-09 10:27:20 UTC"}
{"level":"info","message":"Scan progress: 100/533","service":"binance-trader","timestamp":"2026-03-09 10:27:20 UTC"}
{"level":"info","message":"Scan progress: 150/533","service":"binance-trader","timestamp":"2026-03-09 10:27:21 UTC"}
{"level":"info","message":"Scan progress: 200/533","service":"binance-trader","timestamp":"2026-03-09 10:27:21 UTC"}
{"level":"info","message":"Scan progress: 250/533","service":"binance-trader","timestamp":"2026-03-09 10:27:21 UTC"}
{"level":"info","message":"Scan progress: 300/533","service":"binance-trader","timestamp":"2026-03-09 10:27:22 UTC"}
{"level":"info","message":"Scan progress: 350/533","service":"binance-trader","timestamp":"2026-03-09 10:27:22 UTC"}
{"level":"info","message":"Scan progress: 400/533","service":"binance-trader","timestamp":"2026-03-09 10:27:22 UTC"}
{"level":"info","message":"Scan progress: 450/533","service":"binance-trader","timestamp":"2026-03-09 10:27:23 UTC"}
{"level":"info","message":"Scan progress: 500/533","service":"binance-trader","timestamp":"2026-03-09 10:27:23 UTC"}
{"level":"info","message":"Scan progress: 533/533","service":"binance-trader","timestamp":"2026-03-09 10:27:23 UTC"}
{"level":"info","message":"Symbol scan completed in 3.82s","service":"binance-trader","timestamp":"2026-03-09 10:27:23 UTC","topScore":100,"totalSymbols":533}
{"count":533,"level":"info","message":"Scan results saved to Redis","service":"binance-trader","timestamp":"2026-03-09 10:27:23 UTC"}
{"level":"info","message":"Top opportunities sent to Telegram","service":"binance-trader","timestamp":"2026-03-09 10:27:24 UTC"}
{"level":"info","message":"Starting symbol scan...","service":"binance-trader","timestamp":"2026-03-09 10:32:20 UTC"}
{"level":"info","message":"Found 533 USDT perpetual futures symbols","service":"binance-trader","timestamp":"2026-03-09 10:32:20 UTC"}
{"level":"info","message":"Scan progress: 50/533","service":"binance-trader","timestamp":"2026-03-09 10:32:20 UTC"}
{"level":"info","message":"Scan progress: 100/533","service":"binance-trader","timestamp":"2026-03-09 10:32:20 UTC"}
{"level":"info","message":"Scan progress: 150/533","service":"binance-trader","timestamp":"2026-03-09 10:32:21 UTC"}
{"level":"info","message":"Scan progress: 200/533","service":"binance-trader","timestamp":"2026-03-09 10:32:21 UTC"}
{"level":"info","message":"Scan progress: 250/533","service":"binance-trader","timestamp":"2026-03-09 10:32:23 UTC"}
{"level":"info","message":"Scan progress: 300/533","service":"binance-trader","timestamp":"2026-03-09 10:32:23 UTC"}
{"level":"info","message":"Scan progress: 350/533","service":"binance-trader","timestamp":"2026-03-09 10:32:24 UTC"}
{"level":"info","message":"Scan progress: 400/533","service":"binance-trader","timestamp":"2026-03-09 10:32:24 UTC"}
{"level":"info","message":"Scan progress: 450/533","service":"binance-trader","timestamp":"2026-03-09 10:32:24 UTC"}
{"level":"info","message":"Scan progress: 500/533","service":"binance-trader","timestamp":"2026-03-09 10:32:25 UTC"}
{"level":"info","message":"Scan progress: 533/533","service":"binance-trader","timestamp":"2026-03-09 10:32:25 UTC"}
{"level":"info","message":"Symbol scan completed in 5.34s","service":"binance-trader","timestamp":"2026-03-09 10:32:25 UTC","topScore":100,"totalSymbols":533}
{"count":533,"level":"info","message":"Scan results saved to Redis","service":"binance-trader","timestamp":"2026-03-09 10:32:25 UTC"}
{"level":"info","message":"Top opportunities sent to Telegram","service":"binance-trader","timestamp":"2026-03-09 10:32:25 UTC"}
{"level":"info","message":"Starting symbol scan...","service":"binance-trader","timestamp":"2026-03-09 10:37:20 UTC"}
{"level":"info","message":"Found 533 USDT perpetual futures symbols","service":"binance-trader","timestamp":"2026-03-09 10:37:20 UTC"}
{"level":"info","message":"Scan progress: 50/533","service":"binance-trader","timestamp":"2026-03-09 10:37:20 UTC"}
{"level":"info","message":"Scan progress: 100/533","service":"binance-trader","timestamp":"2026-03-09 10:37:20 UTC"}
{"level":"info","message":"Scan progress: 150/533","service":"binance-trader","timestamp":"2026-03-09 10:37:21 UTC"}
{"level":"info","message":"Scan progress: 200/533","service":"binance-trader","timestamp":"2026-03-09 10:37:21 UTC"}
{"level":"info","message":"Scan progress: 250/533","service":"binance-trader","timestamp":"2026-03-09 10:37:21 UTC"}
{"level":"info","message":"Scan progress: 300/533","service":"binance-trader","timestamp":"2026-03-09 10:37:22 UTC"}
{"level":"info","message":"Scan progress: 350/533","service":"binance-trader","timestamp":"2026-03-09 10:37:22 UTC"}
{"level":"info","message":"Scan progress: 400/533","service":"binance-trader","timestamp":"2026-03-09 10:37:23 UTC"}
{"level":"info","message":"Scan progress: 450/533","service":"binance-trader","timestamp":"2026-03-09 10:37:23 UTC"}
{"level":"info","message":"Scan progress: 500/533","service":"binance-trader","timestamp":"2026-03-09 10:37:23 UTC"}
{"level":"info","message":"Scan progress: 533/533","service":"binance-trader","timestamp":"2026-03-09 10:37:23 UTC"}
{"level":"info","message":"Symbol scan completed in 3.84s","service":"binance-trader","timestamp":"2026-03-09 10:37:23 UTC","topScore":100,"totalSymbols":533}
{"count":533,"level":"info","message":"Scan results saved to Redis","service":"binance-trader","timestamp":"2026-03-09 10:37:23 UTC"}
{"level":"info","message":"Top opportunities sent to Telegram","service":"binance-trader","timestamp":"2026-03-09 10:37:24 UTC"}
{"level":"info","message":"Starting symbol scan...","service":"binance-trader","timestamp":"2026-03-09 10:42:20 UTC"}
{"level":"info","message":"Found 533 USDT perpetual futures symbols","service":"binance-trader","timestamp":"2026-03-09 10:42:20 UTC"}
{"level":"info","message":"Scan progress: 50/533","service":"binance-trader","timestamp":"2026-03-09 10:42:20 UTC"}
{"level":"info","message":"Scan progress: 100/533","service":"binance-trader","timestamp":"2026-03-09 10:42:20 UTC"}
{"level":"info","message":"Scan progress: 150/533","service":"binance-trader","timestamp":"2026-03-09 10:42:21 UTC"}
{"level":"info","message":"Scan progress: 200/533","service":"binance-trader","timestamp":"2026-03-09 10:42:21 UTC"}
{"level":"info","message":"Scan progress: 250/533","service":"binance-trader","timestamp":"2026-03-09 10:42:21 UTC"}
{"level":"info","message":"Scan progress: 300/533","service":"binance-trader","timestamp":"2026-03-09 10:42:22 UTC"}
{"level":"info","message":"Scan progress: 350/533","service":"binance-trader","timestamp":"2026-03-09 10:42:22 UTC"}
{"level":"info","message":"Scan progress: 400/533","service":"binance-trader","timestamp":"2026-03-09 10:42:22 UTC"}
{"level":"info","message":"Scan progress: 450/533","service":"binance-trader","timestamp":"2026-03-09 10:42:22 UTC"}
{"level":"info","message":"Scan progress: 500/533","service":"binance-trader","timestamp":"2026-03-09 10:42:23 UTC"}
{"level":"info","message":"Scan progress: 533/533","service":"binance-trader","timestamp":"2026-03-09 10:42:23 UTC"}
{"level":"info","message":"Symbol scan completed in 3.44s","service":"binance-trader","timestamp":"2026-03-09 10:42:23 UTC","topScore":100,"totalSymbols":533}
{"count":533,"level":"info","message":"Scan results saved to Redis","service":"binance-trader","timestamp":"2026-03-09 10:42:23 UTC"}
{"level":"info","message":"Top opportunities sent to Telegram","service":"binance-trader","timestamp":"2026-03-09 10:42:23 UTC"}
{"level":"info","message":"Starting symbol scan...","service":"binance-trader","timestamp":"2026-03-09 10:47:20 UTC"}
{"level":"info","message":"Found 533 USDT perpetual futures symbols","service":"binance-trader","timestamp":"2026-03-09 10:47:20 UTC"}
{"level":"info","message":"Scan progress: 50/533","service":"binance-trader","timestamp":"2026-03-09 10:47:20 UTC"}
{"level":"info","message":"Scan progress: 100/533","service":"binance-trader","timestamp":"2026-03-09 10:47:20 UTC"}
{"level":"info","message":"Scan progress: 150/533","service":"binance-trader","timestamp":"2026-03-09 10:47:21 UTC"}
{"level":"info","message":"Scan progress: 200/533","service":"binance-trader","timestamp":"2026-03-09 10:47:21 UTC"}
{"level":"info","message":"Scan progress: 250/533","service":"binance-trader","timestamp":"2026-03-09 10:47:21 UTC"}
{"level":"info","message":"Scan progress: 300/533","service":"binance-trader","timestamp":"2026-03-09 10:47:22 UTC"}
{"level":"info","message":"Scan progress: 350/533","service":"binance-trader","timestamp":"2026-03-09 10:47:22 UTC"}
{"level":"info","message":"Scan progress: 400/533","service":"binance-trader","timestamp":"2026-03-09 10:47:22 UTC"}
{"level":"info","message":"Scan progress: 450/533","service":"binance-trader","timestamp":"2026-03-09 10:47:22 UTC"}
{"level":"info","message":"Scan progress: 500/533","service":"binance-trader","timestamp":"2026-03-09 10:47:23 UTC"}
{"level":"info","message":"Scan progress: 533/533","service":"binance-trader","timestamp":"2026-03-09 10:47:23 UTC"}
{"level":"info","message":"Symbol scan completed in 3.58s","service":"binance-trader","timestamp":"2026-03-09 10:47:23 UTC","topScore":100,"totalSymbols":533}
{"count":533,"level":"info","message":"Scan results saved to Redis","service":"binance-trader","timestamp":"2026-03-09 10:47:23 UTC"}
{"level":"info","message":"Top opportunities sent to Telegram","service":"binance-trader","timestamp":"2026-03-09 10:47:24 UTC"}
{"level":"info","message":"Starting symbol scan...","service":"binance-trader","timestamp":"2026-03-09 10:52:20 UTC"}
{"level":"info","message":"Found 533 USDT perpetual futures symbols","service":"binance-trader","timestamp":"2026-03-09 10:52:20 UTC"}
{"level":"info","message":"Scan progress: 50/533","service":"binance-trader","timestamp":"2026-03-09 10:52:21 UTC"}
{"level":"info","message":"Scan progress: 100/533","service":"binance-trader","timestamp":"2026-03-09 10:52:21 UTC"}
{"level":"info","message":"Scan progress: 150/533","service":"binance-trader","timestamp":"2026-03-09 10:52:22 UTC"}
{"level":"info","message":"Scan progress: 200/533","service":"binance-trader","timestamp":"2026-03-09 10:52:22 UTC"}
{"level":"info","message":"Scan progress: 250/533","service":"binance-trader","timestamp":"2026-03-09 10:52:22 UTC"}
{"level":"info","message":"Scan progress: 300/533","service":"binance-trader","timestamp":"2026-03-09 10:52:23 UTC"}
{"level":"info","message":"Scan progress: 350/533","service":"binance-trader","timestamp":"2026-03-09 10:52:23 UTC"}
{"level":"info","message":"Scan progress: 400/533","service":"binance-trader","timestamp":"2026-03-09 10:52:23 UTC"}
{"level":"info","message":"Scan progress: 450/533","service":"binance-trader","timestamp":"2026-03-09 10:52:24 UTC"}
{"level":"info","message":"Scan progress: 500/533","service":"binance-trader","timestamp":"2026-03-09 10:52:24 UTC"}
{"level":"info","message":"Scan progress: 533/533","service":"binance-trader","timestamp":"2026-03-09 10:52:24 UTC"}
{"level":"info","message":"Symbol scan completed in 4.60s","service":"binance-trader","timestamp":"2026-03-09 10:52:24 UTC","topScore":100,"totalSymbols":533}
{"count":533,"level":"info","message":"Scan results saved to Redis","service":"binance-trader","timestamp":"2026-03-09 10:52:24 UTC"}
{"level":"info","message":"Top opportunities sent to Telegram","service":"binance-trader","timestamp":"2026-03-09 10:52:25 UTC"}
{"level":"info","message":"Starting symbol scan...","service":"binance-trader","timestamp":"2026-03-09 10:57:20 UTC"}
{"level":"info","message":"Found 533 USDT perpetual futures symbols","service":"binance-trader","timestamp":"2026-03-09 10:57:20 UTC"}
{"level":"info","message":"Scan progress: 50/533","service":"binance-trader","timestamp":"2026-03-09 10:57:20 UTC"}
{"level":"info","message":"Scan progress: 100/533","service":"binance-trader","timestamp":"2026-03-09 10:57:20 UTC"}
{"level":"info","message":"Scan progress: 150/533","service":"binance-trader","timestamp":"2026-03-09 10:57:21 UTC"}
{"level":"info","message":"Scan progress: 200/533","service":"binance-trader","timestamp":"2026-03-09 10:57:21 UTC"}
{"level":"info","message":"Scan progress: 250/533","service":"binance-trader","timestamp":"2026-03-09 10:57:21 UTC"}
{"level":"info","message":"Scan progress: 300/533","service":"binance-trader","timestamp":"2026-03-09 10:57:22 UTC"}
{"level":"info","message":"Scan progress: 350/533","service":"binance-trader","timestamp":"2026-03-09 10:57:22 UTC"}
{"level":"info","message":"Scan progress: 400/533","service":"binance-trader","timestamp":"2026-03-09 10:57:22 UTC"}
{"level":"info","message":"Scan progress: 450/533","service":"binance-trader","timestamp":"2026-03-09 10:57:22 UTC"}
{"level":"info","message":"Scan progress: 500/533","service":"binance-trader","timestamp":"2026-03-09 10:57:23 UTC"}
{"level":"info","message":"Scan progress: 533/533","service":"binance-trader","timestamp":"2026-03-09 10:57:23 UTC"}
{"level":"info","message":"Symbol scan completed in 3.50s","service":"binance-trader","timestamp":"2026-03-09 10:57:23 UTC","topScore":100,"totalSymbols":533}
{"count":533,"level":"info","message":"Scan results saved to Redis","service":"binance-trader","timestamp":"2026-03-09 10:57:23 UTC"}
{"level":"info","message":"Top opportunities sent to Telegram","service":"binance-trader","timestamp":"2026-03-09 10:57:23 UTC"}
